Diagnosis,Section,Section_Hint,Esophagus,GE Junction,Stomach,Duodenum,,,,,Default_Sub_Location,Subsection,Subsection_Hint,Conditional_on,Multi_Attribute,Default_Attr,Attribute1,Attribute2,Attribute3,Attribute4,Attribute5,Attribute6,Attribute7,Attribute8,Attribute9,Attribute10,Attribute11,Attribute12
Normal,,,x,x,x,x,,,,,,,,,,,,,,,,,,,,,,
Mucosa,Erythematous,,x,,x,x,x,,x,x,,,,,,,Localised,Patchy,Focal,Generalised,,,,,,,,
Mucosa,Edematous,,x,,x,x,x,,x,x,,,,,,,Localised,Patchy,Generalised,,,,,,,,,
Mucosa,Granular,,,,x,x,x,,x,x,,,,,,,Localised,Patchy,Generalised,,,,,,,,,
Mucosa,Nodular,,x,,x,x,x,,x,x,,,,,,,Localised,Patchy,Generalised,,,,,,,,,
Mucosa,Friable,,,,x,x,x,,x,x,,,,,,,Localised,Patchy,Generalised,,,,,,,,,
Mucosa,Hemorrhagic,,x,,x,x,x,,x,x,,,,,,,Localised,Patchy,Generalised,,,,,,,,,
Mucosa,Petechial,,,,x,x,x,,x,x,,,,,,,Localised,Patchy,Generalised,,,,,,,,,
Mucosa,Sclerosis/scarring,,x,,x,x,x,,x,x,,,,,,,Yes,No,,,,,,,,,,
Mucosa,Scalloping,,,,,x,x,,,,,,,,,,Yes,Patchy,,,,,,,,,,
Mucosa,Pathological vascular pattern,,x,,x,x,x,,x,x,,,,,,,Yes,Generalized,,,,,,,,,,
Mucosa,Melanosis,,,,,,,,,x,,,,,,,Yes,No,,,,,,,,,,
ChromoEndoscopy,Stain Used,ChromoEndoscopy_600x330.png,x,,x,,,,,,,,,,x,,Lugol’s Iodine,Acetic acid,Indigo carmine,Methylene blue,Other (specify): alphanum_box,,,,,,,
ChromoEndoscopy,Pre-staining Assessment,Describe lesion BEFORE stain,x,,x,,,,,,,Lesion type,,,,,Flat,Slightly elevated,Depressed,Nodular,Irregular mucosa,Patch of altered color,Vascular pattern abnormal,,,,,
ChromoEndoscopy,Findings AFTER STAINING,Select stain-specific fields,x,,x,,,,,,,Lugol’s Iodine Reaction - Staining pattern,,Section(Stain Used=Lugol’s Iodine),,,Uniform deep brown staining (normal),Heterogeneous staining,Faint staining,Iodine-voiding area(s) → pale / unstained patch,,,,,,,,
ChromoEndoscopy,Findings AFTER STAINING,,x,,x,,,,,,,Lugol’s Iodine Reaction - Characteristics of iodine-voiding area,,Section(Stain Used=Lugol’s Iodine),x,,Single lesion,Multiple lesions,Well-demarcated border,Irregular border,Flat,Slightly elevated,Depressed,Surrounding mucosa stains normally,,,,
ChromoEndoscopy,Findings AFTER STAINING,,x,,x,,,,,,,Lugol’s Iodine Reaction - Pink-color sign (after 1–3 minutes),,Section(Stain Used=Lugol’s Iodine),,,Present (high-risk),Absent,Not assessed,,,,,,,,,
ChromoEndoscopy,Findings AFTER STAINING,,x,,x,,,,,,,Lugol’s Iodine Reaction - Size of unstained lesion,,Section(Stain Used=Lugol’s Iodine),x,,int_box mm,Circumferential involvement,,,,,,,,,,
ChromoEndoscopy,Findings AFTER STAINING,,x,,x,,,,,,,Acetic Acid Reaction - Acetowhitening response,,Section(Stain Used=Acetic acid),,,Uniform whitening (normal),Patchy whitening,Delayed whitening,No whitening,,,,,,,,
ChromoEndoscopy,Findings AFTER STAINING,,x,,x,,,,,,,Acetic Acid Reaction - Fade time (loss of whitening),,Section(Stain Used=Acetic acid),,,>30 seconds (normal),10–30 seconds,<10 seconds (suspicious for dysplasia),,,,,,,,,
ChromoEndoscopy,Findings AFTER STAINING,,x,,x,,,,,,,Acetic Acid Reaction - Surface features after whitening fades,,Section(Stain Used=Acetic acid),,,Irregular surface pattern,Nodular area,Depressed area,Irregular pit pattern,Abnormal vascular pattern,,,,,,,
ChromoEndoscopy,Findings AFTER STAINING,,x,,x,,,,,,,Indigo Carmine Contrast Enhancement,,Section(Stain Used=Indigo carmine),,,Mucosal topography enhanced evenly (normal),Uneven pooling,Highlighted depression,Highlighted nodularity,Abnormal pit pattern revealed,,,,,,,
ChromoEndoscopy,Findings AFTER STAINING,,x,,x,,,,,,,Methylene Blue Uptake,,Section(Stain Used=Methylene blue),,,Uniform blue staining,Patchy uptake,Loss of uptake area,Irregular uptake pattern,Non-staining suspicious zone,,,,,,,
ChromoEndoscopy,Targeted Biopsy Plan,,x,,x,,,,,,,,,,,,Targeted biopsy taken from abnormal stained area,Mapping biopsy,EMR planned,ESD planned,No biopsy (reason): alphanum_box,,,,,,,
ChromoEndoscopy,Overall Impression Based on Chromoendoscopy,,x,,x,,,,,,,,,,,,No suspicious features,Suspicious for low-grade dysplasia,Suspicious for high-grade dysplasia,Suspicious for early carcinoma,Multifocal lesions,Indeterminate — requires histology,,,,,,
Angioectasia,Number,,x,x,x,x,,,,,,,,,,,Single,Multiple,,,,,,,,,,
Angioectasia,Number,,x,x,x,x,,,,,,Count,,Section(Number=Multiple),,,int_box,,,,,,,,,,,
Angioectasia,Size,,x,x,x,x,,,,,,,,,,,<5 mm,5-10 mm,>10 mm,Specify: alphanum_box,,,,,,,,
Angioectasia,Pattern,,x,x,x,x,,,,,,,,,,,Flat,Slightly Raised,Clustered,Diffused,,,,,,,,
Angioectasia,Likely Etiology,,x,x,x,x,,,,,,,,,,,"Degenerative angioectasia (isolated, elderly-type)",Portal hypertensive–associated,CKD / valvular heart disease–associated,Diffuse vascular ectasia pattern,Indeterminate vascular lesion,,,,,,,
Angioectasia,Bleeding,,x,x,x,x,,,,,,,,,,,Oozing,Spurting,Adherant Clot,No,,,,,,,,
Angioectasia,Telangiectasia,,x,x,x,x,,,,,,,,,,,Yes,No,,,,,,,,,,
Angioectasia,Therapy Done,,x,x,x,x,,,,,,,,,x,,APC,Coagulation Probe,Adrenaline Injection,Hemoclip,Hemo Spray,Other alphanum_box,,,,,,
Angioectasia,Hemostasis Achieved,,x,x,x,x,,,,,,,,,,,Yes,No,,,,,,,,,,
Bleeding of unknown origin,Active Bleeding Seen,,x,,x,x,,,,,,,,,,,Yes,No,,,,,,,,,,
Bleeding of unknown origin,Bleeding Pattern,,x,,x,x,,,,,,,,,x,,Altered Blood,Fresh Blood,Clots,,,,,,,,,
Bleeding of unknown origin,Next Therapy Planned,,x,,x,x,,,,,,,,,x,,CT Angio,Interventional Radiology,Relook Endoscopy,,,,,,,,,
Candidiasis,Kodsi Classification Grade,,x,,,,,,,,,,,,,,I (Few plaques),II (Multiple plaques),III (Confluent/linear),IV (Friable mucosa),,,,,,,,
Candidiasis,Biopsy taken,,x,,,,,,,,,,,,,,Yes,No,,,,,,,,,,
Caustic Injury,Zargar Severity Score,Zargar_800x500.png,x,,x,,,,,,,,,,,,0 - normal mucosa,1-edema and erythema of mucosa,"2a-superficial/moderate ulcerations, exudates",2b-deep/continuous ulceration,3a-focal/diffuse transmural necrosis,3b-Extensive transmural necrosis,,,,,,
Caustic Injury,Appearance,,x,,x,,,,,,,Type,,,x,,erythema,slough,erosion,ulcer,necrosis,stricture,Bleeding,perforation,fistula,,,
Caustic Injury,Appearance,,x,,x,,,,,,,Circumferential Involvement,,,,,Focal,Less than 50%,More than 50%,Circumferential,,,,,,,,
Caustic Injury,Appearance,,x,,x,,,,,,,Bleeding,,Subsection(Type=Bleeding),,,oozing,spurting,clot,,,,,,,,,
Caustic Injury,Procedure Intervention,,x,,x,,,,,,,Type,,,,,Balloon Dilation,Bougie Dilation,Stent placed,clip,injection,APC,Feeding Tube Placed,,,,,
Caustic Injury,Procedure Intervention,,x,,x,,,,,,,Result,,,,,Success,Partial,Failure,,,,,,,,,
Caustic Injury,Recommended followup,,x,,x,,,,,,,,,,x,,need for dilation,repeat EGD at int_box days,,,,,,,,,,
Coeliac Disease,Coeliac,,x,,,x,,,,,,,,,,,Suspected,Confirmed,,,,,,,,,,
Coeliac Disease,Scalloping of Folds,,x,,,x,,,,,,,,,x,,Yes,No,Mild,Moderate,Severe,,,,,,,
Coeliac Disease,Loss of Folds,,x,,,x,,,,,,,,,x,,Yes,No,Mild,Moderate,Severe,,,,,,,
Coeliac Disease,Mosaic Pattern,,x,,,x,,,,,,,,,x,,Yes,No,Mild,Moderate,Severe,,,,,,,
Coeliac Disease,Nodularity,,x,,,x,,,,,,,,,,,Yes,No,,,,,,,,,,
Coeliac Disease,Vascular Transparency,,x,,,x,,,,,,,,,,,Normal,Increased,,,,,,,,,,
Coeliac Disease,Mucosal Atrophy,,x,,,x,,,,,,,,,x,,Yes,No,Mild,Moderate,Severe,,,,,,,
Coeliac Disease,Biopsy Taken,Protocol recommends separate containers for D1 and D2,x,,,x,,,,,,D1,4-6 biopsies recommended,,,,int_box bits taken,,,,,,,,,,,
Coeliac Disease,Biopsy Taken,,x,,,x,,,,,,D2,1-2 biopsies recommended,,,,int_box bits taken,,,,,,,,,,,
Coeliac Disease,Biopsy Taken,,x,,,x,,,,,,Separate bottles for D1 and D2 containers ?,,,,,Yes,No,,,,,,,,,,
Coeliac Disease,NBI,"NBI enhances: villous pattern visualization, mosaic pattern, subtle scalloping, vascular enhancement (Images: TBD)",x,,,x,,,,,,Enhanced Mucosal Features,,,,,Absent,Present,,,,,,,,,,
Crohn's Disease,Ulcer Present,,x,,,x,,,,,,,,,,,Yes,No,,,,,,,,,,
Crohn's Disease,Stricture,,x,,,x,,,,,,Present,,,,,Yes,No,,,,,,,,,,
Crohn's Disease,Stricture,,x,,,x,,,,,,Appearance,,Subsection(Present=Yes),,,Fibrotic,Inflammatory,,,,,,,,,,
Crohn's Disease,Stricture,,x,,,x,,,,,,Passable,,Subsection(Present=Yes),,,Yes,No,,,,,,,,,,
Dieulafoy Lesion,Visual Characteristics,,x,x,x,x,,,,,,,,,x,,Isolated protruding vessel without ulcer,Active bleeding,Overlying clot adherent to vessel,,,,,,,,,
Dieulafoy Lesion,Visual Characteristics,,x,x,x,x,,,,,,Bleeding Type,,Section(Visual Characteristics=Active bleeding),,,Spurting,Oozing,None,,,,,,,,,
Dieulafoy Lesion,Morphology,,x,x,x,x,,,,,,Vessel appearance,,,,,Pulsatile,Non-pulsatile,Engorged,Flat-appearing,,,,,,,,
Dieulafoy Lesion,Morphology,,x,x,x,x,,,,,,Surrounding mucosa,,,,,Normal,Mild erythema,Edematous,,,,,,,,,
Dieulafoy Lesion,Therapy performed,,x,x,x,x,,,,,,,,,x,,None,Injection,Mechanical clip,Thermal,Other alphanum_box,,,,,,,
Dieulafoy Lesion,Hemostasis status,,x,x,x,x,,,,,,,,,,,Achieved,Partial,Failed,,,,,,,,,
Diverticulum,Location (site-specific),,x,,,,,,,,,Esophagus,,,,,Zenker’s diverticulum (pharyngoesophageal),Mid-esophageal diverticulum,Epiphrenic diverticulum,Posterior wall,Lateral wall,Distance from incisors: int_box cm,,,,,,
Diverticulum,Number,,x,,x,x,,,,,,,,,,,1,2,3,Multiple,Count: int_box,,,,,,,
Diverticulum,Size of Largest diverticulum,,x,,x,x,,,,,,,,,,,Small (<10 mm),Medium (10–30 mm),Large (>30 mm),Measured: int_box mm,,,,,,,,
Diverticulum,Morphology,,x,,x,x,,,,,,,,,x,,Wide-mouthed,Narrow-necked,Pouch-like,Trabeculated inner surface,Debris/food retention,Saliva pooling (esophageal),,,,,,
Diverticulum,Contents,,x,,x,x,,,,,,,,,x,,Empty,Clear fluid,Frothy secretions,Food debris,Bile-stained fluid,Pills/tablets,Old blood / hematin,Pus,,,,
Diverticulum,Mucosal Appearance Inside Diverticulum,,x,,x,x,,,,,,,,,,,Normal mucosa,Erythematous,Ulcerated,Granular,Suspected tumor/polyp inside,Erosions,,,,,,
Diverticulum,Procedural Notes,,x,,x,x,,,,,,,,,,,Scope enters diverticulum inadvertently,Scope bypasses diverticulum easily,Difficult intubation due to diverticulum,Retained food requiring washing,,,,,,,,
Diverticulum,Interventions,,x,,x,x,,,,,,,,,x,,None,Lavage / suction,Biopsy,Clip for bleeding,Marking/tattoo (if suspicious lesion inside),,,,,,,
Diverticulum,Interventions,,x,,x,x,,,,,,Referral for,"Endoscopic therapy (e.g., Zenker's septotomy)",,,,Surgery,Endoscopic therapy,,,,,,,,,,
Duodenal Bulb Deformity,Type,,,,,x,,,,,Duodenal bulb(D1),,,,,,Scarring,Angulation/kinking,Post-ulcer,Infiltration,Post Surgical Changes,Edema,Other alphanum_box,,,,,
Duodenal Bulb Deformity,Morphology of Deformity,,,,,x,,,,,Duodenal bulb(D1),,,,x,,Pseudo-diverticulum,Mucosal Bridge,Dilated D1,Other alphanum_box,,,,,,,,
Duodenal Bulb Deformity,Luminal Narrowing,,,,,x,,,,,Duodenal bulb(D1),,,,,,None,Mild,Moderate,Severe,Non Traversable,,,,,,,
Duodenal Bulb Deformity,Mucosal descriptors,,,,,x,,,,,Duodenal bulb(D1),,,,x,,Erythema,Edema,Granular,Nodular,Friable,Hemorrhagic,Atrophic,Normal,,,,
Duodenal Polyp,Number,,,,,x,,,,,,,,,,,Single,Multiple (2-5),Numerous (>5),Count: int_box,,,,,,,,
Duodenal Polyp,Size,,,,,x,,,,,,,,,,,<5 mm,5-9 mm,10-19 mm,>20 mm,Measured int_box mm,,,,,,,
Duodenal Polyp,Morphology,,,,,x,,,,,,Paris Classification,,,,,0–I,0–Is,0–Ip,0–IIa,0–IIb,0–IIc,0–III,,,,,
Duodenal Polyp,Surface Features,,,,,x,,,,,,,,,x,,Smooth,Lobulated,Erythematous,Pale,Villous/frond-like,Nodular,Ulcerated,Erosion,,,,
Duodenal Polyp,Suspected Histologic Type,,,,,x,,,,,,,,,,,Adenoma,Brunner’s gland hyperplasia,Inflammatory polyp,Serrated polyp,Neuroendocrine tumor (polypoid),Lymphangioma,Other - alphanum_box,,,,,
Duodenal Polyp,Biopsy,,,,,x,,,,,,Taken,,,,,Yes,No,,,,,,,,,,
Duodenal Polyp,Biopsy,,,,,x,,,,,,Count,,Subsection(Taken=Yes),,,int_box,,,,,,,,,,,
Duodenal Polyp,Intervention,,,,,x,,,,,,Performed,,,x,,Cold biopsy,Cold snare polypectomy,Hot snare polypectomy,Tattooing,None,,,,,,,
Duodenal Polyp,Intervention,,,,,x,,,,,,Completeness / Post-removal assessment,,,,,Complete removal,Incomplete removal,Residual tissue suspected,Bleeding controlled,No complications,,,,,,,
Duodenal Polyp,Polyposis Syndrome Diagnosis,,,,,x,,,,,,,,,,,Suspected,Known case,,,,,,,,,,
Duodenal Polyp,Polyposis Syndrome,polyposis_table_800x460.png,,,,x,,,,,,Type,,Section(Polyposis Syndrome Diagnosis=Suspected) OR Section(Polyposis Syndrome Diagnosis=Known case),,,FAP,Juvenile,Peutz-Jeghers,MAP,Cowden (PTEN),Other alphanum_box,,,,,,
Duodenal Polyp,Polyposis Syndrome,,,,,x,,,,,,Spigelman score,,Subsection(Type=FAP),,,0,I,II,III,IV,,,,,,,
Duodenal Polyp,Polyposis Syndrome,,,,,x,,,,,,Follow-up recommendation,,Section(Polyposis Syndrome Diagnosis=Suspected) OR Section(Polyposis Syndrome Diagnosis=Known case),,,int_box months,,,,,,,,,,,
Duodenal Polyp,Polyposis Syndrome,,,,,x,,,,,,Genetic testing recommendation,,Section(Polyposis Syndrome Diagnosis=Suspected) OR Section(Polyposis Syndrome Diagnosis=Known case),,,APC,STK11,,,,,,,,,,
Duodenal Ulcer,Ulcer Location,,,,,x,,,,,,D1,,,x,,anterior wall,posterior wall,superior wall,inferior wall,,,,,,,,
Duodenal Ulcer,Ulcer Location,,,,,x,,,,,,D2,,,x,,ampullary region,medial wall,lateral wall,inferior wall,superior wall,,,,,,,
Duodenal Ulcer,Ulcer Location,,,,,x,,,,,,D3,,,,,D3,,,,,,,,,,,
Duodenal Ulcer,Number,,,,,x,,,,,,,,,,,Single,Multiple,Count: int_box,,,,,,,,,
Duodenal Ulcer,Size of Largest Ulcer,,,,,x,,,,,,,,,,,< 5 mm,5–10 mm,11–20 mm,> 20 mm (large),Measured: int_box mm,,,,,,,
Duodenal Ulcer,Shape / Margins,,,,,x,,,,,,,,,x,,Round,Linear,Smooth flat margins,Raised margin,Irregular / undermined margin (Hint - atypical),Deep crater,,,,,,
Duodenal Ulcer,Base,,,,,x,,,,,,,,,x,,Clean base,White slough,Necrotic base,Granular,Hematin,,,,,,,
Duodenal Ulcer,Surrounding Mucosa,,,,,x,,,,,,,,,x,,Normal,Erythematous,Atrophic,Intestinal metaplasia,Nodularity,Multiple erosions,Mass adjacent to ulcer,Edematous,,,,
Duodenal Ulcer,Forrest Classification,"if active bleed/ history of bleeding
Ulcer_forrest_classification_600x320.png",,,,x,,,,,,,,,,,Ia — Spurting,Ib — Oozing,IIa — Visible vessel,IIb — Adherent clot,IIc — Pigmented spot,III — Clean base,,,,,,
Duodenal Ulcer,Associated Findings,,,,,x,,,,,,,,,x,,Pyloric channel narrowing,Bulbar deformity / scarring,Gastric retention / food residue,Edematous folds,Surrounding duodenitis,Periampullary edema,Stricture,Mass-like lesion,,,,
Duodenal Ulcer,Likely Etiology,,,,,x,,,,,,,,,x,,H. pylori related,NSAID / aspirin,Stress-related,Acid hypersecretion (Zollinger–Ellison),Crohn’s,CMV / HSV,Portal Hypertensive Duodenopathy,Idiopathic,Others: alphanum_box,,,
Duodenal Ulcer,Biopsy,,,,,x,,,,,,,,,x,,No biopsy (typical duodenal ulcer),Edge biopsy,Base biopsy,H. pylori biopsy from antrum/body,Rapid urease test,,,,,,,
Duodenal Ulcer,Biopsy,,,,,x,,,,,,Count,,,,,,,,,,,,,,,,
Duodenal Ulcer,Hemostasis / Therapeutic Interventions,,,,,x,,,,,,,,,x,,None,Adrenaline injection,APC,Gold probe,hemospray,Hemoclips,OTSC,Endoscopic suturing,Surgical referral,Others: alphanum_box,,
Duodenal Ulcer,Hemostasis / Therapeutic Interventions,,,,,x,,,,,,Volume,,Section(Hemostasis / Therapeutic Interventions=Adrenaline injection),,,int_box ml,,,,,,,,,,,
Duodenal Ulcer,Hemostasis / Therapeutic Interventions,,,,,x,,,,,,Count,,Section(Hemostasis / Therapeutic Interventions=Hemoclips),,,int_box,,,,,,,,,,,
Duodenal Ulcer,Hemostasis / Therapeutic Interventions,,,,,x,,,,,,Outcome,,,,,Complete hemostasis,Partial,Failed,Deferred,,,,,,,,
Duodenal Ulcer,Hemostasis / Therapeutic Interventions,,,,,x,,,,,,Complications,,,x,,None,Immediate bleeding,Perforation suspected,Mucosal tear,Hypoxia / instability,Procedure aborted,,,,,,
Duodenal Varices,Morphology,,,,,x,,,,,,,,,x,,Nodular,Tense / Rounded,Flattened,Tortuous,Clustered,Large sac-like varix,Prominent submucosal channels,,,,,
Duodenal Varices,Size,,,,,x,,,,,,,,,,,Small,Medium,Large,Giant (>2–3 cm),Multiple large varices,,,,,,,
Duodenal Varices,Appearance,,,,,x,,,,,,,,,x,,Red wale marks,Cherry red spots,Hematocystic spots,Diffuse erythema,Surface erosion,Imminent rupture appearance,Nipple sign,,,,,
Duodenal Varices,Bleeding Status,,,,,x,,,,,,,,,x,,No active bleeding,Oozing,Spurting arterial-type bleed,Adherent clot,Stigmata of recent bleed,Old blood in stomach,,,,,,
Duodenal Varices,Intervention Performed,,,,,x,,,,,,,,,,,Glue Injection,Thrombin Injection,Balloon tamponade,Hemospray,None,,,,,,,
Duodenal Varices,Intervention Performed,,,,,x,,,,,,Agent Used,,Section(Intervention Performed=Glue Injection),,,N-butyl-2-cyanoacrylate,2-octyl-cyanoacrylate,Histoacryl,,,,,,,,,
Duodenal Varices,Intervention Performed,,,,,x,,,,,,Dilution,,Section(Intervention Performed=Glue Injection),,,Undiluted,1:1 with Lipiodol,Other ratio int_box:int_box,,,,,,,,,
Duodenal Varices,Intervention Performed,,,,,x,,,,,,Number of Injection Sites,,Section(Intervention Performed=Glue Injection),,,Single,2,3,,,,,,,,,
Duodenal Varices,Intervention Performed,,,,,x,,,,,,Volume Per Injection,,Section(Intervention Performed=Glue Injection),,,<0.5 mL,0.5–0.9 mL,1–1.9 mL,2 mL,,,,,,,,
Duodenal Varices,Intervention Performed,,,,,x,,,,,,Total Volume Delivered,,Section(Intervention Performed=Glue Injection),,,<1 mL,1–1.9 mL,2–2.9 mL,3 mL,,,,,,,,
Duodenal Varices,Intervention Performed,,,,,x,,,,,,Immediate solidification seen,,Section(Intervention Performed=Glue Injection),,,Yes,No,,,,,,,,,,
Duodenal Varices,Intervention Performed,,,,,x,,,,,,Thrombin Source,,Section(Intervention Performed=Thrombin Injection),,,Human thrombin,Bovine thrombin,Recombinant thrombin,,,,,,,,,
Duodenal Varices,Intervention Performed,,,,,x,,,,,,Concentration,,Section(Intervention Performed=Thrombin Injection),,,250 IU/mL,500 IU/mL,Other: int_box IU/mL,,,,,,,,,
Duodenal Varices,Intervention Performed,,,,,x,,,,,,Diluent,,Section(Intervention Performed=Thrombin Injection),,,Normal saline,Manufacturer-provided buffer,,,,,,,,,,
Duodenal Varices,Intervention Performed,,,,,x,,,,,,Post-Intervention Findings,,,x,,Adequate obliteration,Partial treatment,Residual large varices,Treated varix appears hard/solid,No complications,,,,,,,
Duodenopathy,Endoscopic Descriptors,,,,,x,,,,,,Color / Surface,,,x,,Diffuse erythema,Patchy erythema,Pale / atrophic,Edematous,Cyanotic (Hint - congestive),Granular,Nodularity,,,,,
Duodenopathy,Endoscopic Descriptors,,,,,x,,,,,,Patterns / Vascular / Congestive Features,,,x,,Mosaic (Hint - portal hypertensive pattern),Punctate red spots,Cherry-red spots (Hint - venous congestion / PHD descriptor),Prominent congested mucosal vessels (Hint - non-telangiectatic),Patchy haemorrhagic mucosa,,,,,,,
Duodenopathy,Endoscopic Descriptors,,,,,x,,,,,,Erosions / Injury,,,x,,Erosions,Ulcers,Friable mucosa,Contact bleeding,,,,,,,,
Duodenopathy,Endoscopic Descriptors,,,,,x,,,,,,Secretions / Exudates,,,x,,Adherent mucus,Yellow-white exudate,Bile staining,Fibrinous patches,,,,,,,,
Duodenopathy,Endoscopic Descriptors,,,,,x,,,,,,Folds / Contour,,,x,,Thickened folds,Flattened / scalloped folds,Edematous folds,,,,,,,,,
Duodenopathy,Endoscopic Descriptors,,,,,x,,,,,,Bleeding pattern,,,x,,No bleeding,Diffuse oozing,Focal active bleeding,Adherent clot,,,,,,,,
Duodenopathy,Likely Etiology,"Portal hypertensive duodenopathy - mosaic/reticular pattern, red spots, congestion, cherry-red spots, background portal hypertension
Reactive / chemical duodenitis - bile pooling, bile staining, mucosal edema
NSAID-related duodenopathy - multiple small erosions, clean-based erosive pattern
Stress-related inflammation - diffuse erythema + erosions in critically ill/ICU patients
Celiac-type mucosal injury - scalloped folds, nodularity, villous-appearing blunting
Congestive / venous duodenopathy - dusky mucosa, congested vessels, swollen folds, right heart failure context)
Radiation-related changes - patchy telangiectasia, pallor, friability with prior radiation history
Infective duodenitis - ulcers, exudate, friability; context of fever or immune suppression
Not assigning etiology - purely descriptive reporting",,,,x,,,,,,,,,,,Portal hypertensive duodenopathy,Reactive / chemical duodenitis,NSAID-related duodenopathy,Stress-related inflammation,Celiac-type mucosal injury,Congestive / venous duodenopathy,Radiation-related changes,Infective duodenitis,Not assigning etiology,,,
Duodenopathy,Severity,,,,,x,,,,,,,,,,,Mild,Moderate (Hint - erosions or limited oozing),"Severe (Hint - diffuse erosions, oozing, marked friability)",,,,,,,,,
Ectopic Sebaceous Glands,Appearance,Ectopic_Sebaceous_Glands_600x650.jpg,x,,,,,,,,,,,,,,Yellow / yellowish-white spots,"Small, round, well-defined",Smooth surface,Non-ulcerated,,,,,,,,
Ectopic Sebaceous Glands,Number,,x,,,,,,,,,,,,,,Few,Multiple,,,,,,,,,,
Ectopic Sebaceous Glands,Biopsy,if atypical / diagnostic uncertainty,x,,,,,,,,,,,,,,Not required (typical appearance),Biopsy taken,,,,,,,,,,
Erosion,Number / Distribution,,x,x,x,x,,,,,,,,,x,,Single,Few (2–5),Multiple (>5),Diffuse / scattered,Confluent erosions,,,,,,,
Erosion,Morphology,,x,x,x,x,,,,,,,,,x,,Linear,Round/oval,Punctate,Coalescing,,,,,,,,
Erosion,Size of Largest Erosion,,x,x,x,x,,,,,,,,,,,1 mm,2 mm,3 mm,4 mm,5 mm,,,,,,,
Esophageal Polyp,Number,,x,,,,,,,,,,,,,,Single,Multiple,Count: int_box,,,,,,,,,
Esophageal Polyp,Size,,x,,,,,,,,,,,,,,<5 mm,5-10 mm,>10 mm,Measured int_box mm,,,,,,,,
Esophageal Polyp,Paris Classification,Gastric-Polyps_Paris-Classification_800x430.jpg,x,,,,,,,,,,,,,,Ip,Isp,Is,0-IIa,0-IIa+c,0-IIa+Is,0-IIb,0-IIc,0-III,,,
Esophageal Polyp,Morphology,,x,,,,,,,,,Surface,,,,,Smooth,Lobulated,Papillary,Eroded,,,,,,,,
Esophageal Polyp,Morphology,,x,,,,,,,,,Color,,,,,Normal,Hyperemic,,,,,,,,,,
Esophageal Polyp,Morphology,,x,,,,,,,,,Margins,,,,,Well-defined,Ill-defined,,,,,,,,,,
Esophageal Polyp,Vascular / Suspicious Features,,x,,,,,,,,,,,,x,,Irregular vascular pattern,Spontaneous bleeding,Ulcer on polyp head,Friability,Rapid growth,,,,,,,
Esophageal Polyp,Associated Findings,,x,,,,,,,,,,,,x,,Surrounding inflammation/esophagitis,Adjacent erosion/ulcer,Multiple papillomatous lesions,,,,,,,,,
Esophageal Polyp,Likely Diagnosis,"Fibrovascular polyp is often long, pedunculated; in cervical esophagus",x,,,,,,,,,,,,,,Squamous papilloma (Esophageal papilloma),Inflammatory polyp / Inflammatory fibroid polyp,Hyperplastic polyp,Fibrovascular polyp,Neoplastic,,,,,,,
Esophageal Polyp,Biopsy,,x,,,,,,,,,Taken,,,,,Yes,No,,,,,,,,,,
Esophageal Polyp,Biopsy,,x,,,,,,,,,Count,,Subsection(Taken=Yes),,,int_box,,,,,,,,,,,
Esophageal Polyp,Intervention,,x,,,,,,,,,Removed by,,,,,Cold biopsy,Cold snare,Hot snare,,,,,,,,,
Esophageal Polyp,Intervention,,x,,,,,,,,,Post-intervention bleeding,,,,,None,Minor,Significant,,,,,,,,,
Esophageal Ulcer,Number of Ulcers,,x,x,,,,,,,,,,,,,1,2,3,Multiple,,,,,,,,
Esophageal Ulcer,Distance from incisors,,x,x,,,,,,,,,,,,,int_box cm,,,,,,,,,,,
Esophageal Ulcer,Approximate Size,,x,x,,,,,,,,,,,,,Small (< 5 mm),Moderate (5–10 mm),Large (> 10 mm),Measured: int_box mm,,,,,,,,
Esophageal Ulcer,Shape / Margins,,x,x,,,,,,,,,Biopsy Recommended for Raised / Irregular to rule out malignancy or Infection,,x,,Round,Linear,Irregular,Circumferential,Raised/rolled edges (Hint- suspicious),Smooth edges (Hint- benign-appearing),,,,,,
Esophageal Ulcer,Base Characteristics,,x,x,,,,,,,,,,,x,,Clean,Fibrin-coated / whitish slough,Necrotic,Active bleeding (oozing / spurting),Hematin-stained,Adherent clot,,,,,,
Esophageal Ulcer,Mucosa Around Ulcer,,x,x,,,,,,,,,,,x,,Normal,Erythematous,Edematous,Friable / bleeding on contact,Stenosed / fibrotic (Hint- chronic ulcer),Surrounding pseudomembrane (Hint- infectious),Barrett’s mucosa adjacent,,,,,
Esophageal Ulcer,Scope Traversability,,x,x,,,,,,,,,,,,,Easy,Mild resistance,Significant resistance (due to edema / stricture),Not traversable,,,,,,,,
Esophageal Ulcer,Associated Findings,,x,x,,,,,,,,,,,x,,Stasis fluid / debris,Stricture proximal to ulcer,Hiatal hernia,Esophagitis,Barrett’s mucosa,Varices,Adjacent diverticulum or pouch,Fistulous opening / tract,,,,
Esophageal Ulcer,Likely Etiology,Endoscopic Impression Level,x,x,,,,,,,,,,,,,"Reflux-related (distal, with esophagitis)","Drug-induced (mid esophagus, central ulcer with normal surroundings)",Infectious,"Corrosive / caustic (deep, circumferential, necrotic)","Radiation-induced (chronic, fibrotic edges)","Malignant (irregular, raised margins, friable)",Post-sclerotherapy / EVL,Post-surgical / anastomotic,Idiopathic / nonspecific,,,
Esophageal Ulcer,Likely Etiology,,x,x,,,,,,,,Suspected organism,,Section(Likely Etiology=Infectious),,,CMV (Hint– large shallow),HSV (Hint- small volcano-like),Candida (Hint– pseudomembrane with ulcer),Mixed,,,,,,,,
Esophageal Ulcer,Biopsy,,x,x,,,,,,,,Taken,,,,,Yes,No (Typical Benign),,,,,,,,,,
Esophageal Ulcer,Biopsy,,x,x,,,,,,,,Type,,,x,,Edge biopsy (Hint - rule out malignancy),Base biopsy (Hint - infection suspicion),Multiple biopsies (Hint - edges + base),,,,,,,,,
Esophageal Ulcer,Biopsy,,x,x,,,,,,,,Count,,Subsection(Taken=Yes),,,int_box,,,,,,,,,,,
Esophageal Ulcer,Other Sampling,,x,x,,,,,,,,,,,,,No,Brush cytology / PCR sample taken,,,,,,,,,,
Esophageal Ulcer,Therapeutic Intervention,If active bleeding / high-risk ulcer,x,x,,,,,,,,,,,x,,None,Injection therapy,APC / thermal coagulation,Clip placement,,,,,,,,
Esophageal Ulcer,Therapeutic Intervention,,x,x,,,,,,,,"Adrenaline 1:10,000",,Section(Therapeutic Intervention=Injection therapy),,,int_box ml,,,,,,,,,,,
Esophageal Ulcer,Therapeutic Intervention,,x,x,,,,,,,,Number,,Section(Therapeutic Intervention=Clip placement),,,int_box,,,,,,,,,,,
Esophageal Ulcer,Therapeutic Intervention,,x,x,,,,,,,,Hemostasis achieved,,,,,Yes,No,,,,,,,,,,
Esophageal Ulcer,Therapeutic Intervention,,x,x,,,,,,,,Complications Observed,,,x,,None,Bleeding during procedure,Perforation suspected,Chest pain / odynophagia,Stricture on follow-up,,,,,,,
Esophageal Varices,Variceal Grade,,x,,,,,,,,,Overall,,,,,Grade 0: No varices,Prominent veins,Grade 1: Small/straight,"Grade 2: Enlarged/tortuous, occupying <1/3 lumen","Grade 3: Large, occupying >1/3 lumen / touching / confluent",,,,,,,
Esophageal Varices,Number of Columns,,x,,,,,,,,,,,,,,1,2,3,4,,,,,,,,
Esophageal Varices,Variceal Grade of Columns,Fill number of columns with each grade,x,,,,,,,,,Grade 0: No varices,,Section(Number of Columns=1) OR Section(Number of Columns=2) OR Section(Number of Columns=3) OR Section(Number of Columns=4),,,1,2,3,4,,,,,,,,
Esophageal Varices,Variceal Grade of Columns,,x,,,,,,,,,Prominent vein,,Section(Number of Columns=1) OR Section(Number of Columns=2) OR Section(Number of Columns=3) OR Section(Number of Columns=4),,,1,2,3,4,,,,,,,,
Esophageal Varices,Variceal Grade of Columns,,x,,,,,,,,,Grade 1: Small/straight,,Section(Number of Columns=1) OR Section(Number of Columns=2) OR Section(Number of Columns=3) OR Section(Number of Columns=4),,,1,2,3,4,,,,,,,,
Esophageal Varices,Variceal Grade of Columns,,x,,,,,,,,,"Grade 2: Enlarged/tortuous, occupying <1/3 lumen",,Section(Number of Columns=1) OR Section(Number of Columns=2) OR Section(Number of Columns=3) OR Section(Number of Columns=4),,,1,2,3,4,,,,,,,,
Esophageal Varices,Variceal Grade of Columns,,x,,,,,,,,,"Grade 3: Large, occupying >1/3 lumen / touching / confluent",,Section(Number of Columns=1) OR Section(Number of Columns=2) OR Section(Number of Columns=3) OR Section(Number of Columns=4),,,1,2,3,4,,,,,,,,
Esophageal Varices,Red Signs,,x,,,,,,,,,,,,x,,Red wale marks,Cherry red spots,Hematocystic spots,Diffuse erythema,Nipple,None,,,,,,
Esophageal Varices,Post EVL Scarring,,x,,,,,,,,,,,,,,Yes,No,,,,,,,,,,
Esophageal Varices,Residual,,x,,,,,,,,,,,,,,Yes,No,Not Applicable,,,,,,,,,
Esophageal Varices,Bleeding,,x,,,,,,,,,,,,,,Yes,No,,,,,,,,,,
Esophageal Varices,Bleeding,,x,,,,,,,,,Source,,Section(Bleeding=Yes),,,Varices,Post-EVL ulcers,,,,,,,,,,
Esophageal Varices,Bleeding,,x,,,,,,,,,Ulcer Characteristics,,Subsection(Source=Post-EVL ulcers),x,,"Small, shallow",Deep,Cratered,Slough-covered base,Clean base,Granulating base,Multiple contiguous ulcers,,,,,
Esophageal Varices,Bleeding,,x,,,,,,,,,Size,,Subsection(Source=Post-EVL ulcers),,,<5 mm,5-10mm,>10 mm,Circumferential Involvement,,,,,,,,
Esophageal Varices,Bleeding,,x,,,,,,,,,Bleeding / Stigmata,,Subsection(Source=Post-EVL ulcers),,,No bleeding,Oozing,Spurting,Visible vessel,Adherent clot,Pigmented spot,,,,,,
Esophageal Varices,Intervention Performed,,x,,,,,,,,,,,,,,Band Ligation (EVL),Sclerotherapy,No intervention,Not feasible,,,,,,,,
Esophageal Varices,Intervention Performed,,x,,,,,,,,,Number of Bands,,Section(Intervention Performed=Band Ligation (EVL)),,,int_box,,,,,,,,,,,
Esophageal Varices,Intervention Performed,,x,,,,,,,,,Post EVL Complication,,Section(Intervention Performed=Band Ligation (EVL)),,,Bleeding at band site,Mucosal tear at band site,Premature band dislodgement,Aspiration/Regurgidation,,Perforation,,,,,,
Esophageal Varices,Intervention Performed,,x,,,,,,,,,Technique,,Section(Intervention Performed=Sclerotherapy),,,Intravariceal injection,Paravariceal injection,Combined,,,,,,,,,
Esophageal Varices,Intervention Performed,,x,,,,,,,,,Sclerosant Used,,Section(Intervention Performed=Sclerotherapy),,,Ethanolamine oleate,Sodium tetradecyl sulfate (STS),Polidocanol,Other,,,,,,,,
Esophageal Varices,Intervention Performed,,x,,,,,,,,,Volume Injected,,Section(Intervention Performed=Sclerotherapy),,,<5 mL,5–9 mL,10–19 mL,20 mL,int_box mL,,,,,,,
Esophageal Varices,Intervention Performed,,x,,,,,,,,,Number of Injection Sites,,Section(Intervention Performed=Sclerotherapy),,,1,2,3,4,5,Full column treated,,,,,,
Esophageal Varices,Intervention Performed,,x,,,,,,,,,Specify Reason,,Section(Intervention Performed=Not feasible),,,alphanum_box,,,,,,,,,,,
Esophageal Varices,Intervention Performed,,x,,,,,,,,,Session Outcome,,,,,Adequate eradication for this session,Partially treated,Varices too small to band,No complications,,,,,,,,
Esophageal Web,Morphology,"Individual Photo - TBD
web_schatzki_table_800x600.png",x,,,,,,,,,,,,x,,Thin mucosal membrane,Partial semicircular web,Nearly circumferential web,Multiple webs,Short membranous shelf,Shelf-like protrusion with central opening,,,,,,
Esophageal Web,Lumen Characteristics,,x,,,,,,,,,,,,,,Wide opening (>15 mm),Mild narrowing (11–15 mm),Moderate narrowing (9–10 mm),Tight web (5-8 mm),Pin-point opening (<5 mm),,,,,,,
Esophageal Web,Mucosal Features,,x,,,,,,,,,,,,x,,Smooth mucosa,Pale thin membrane,Erythematous rim,Friable edge,Small mucosal tear (post-intervention),Overlying keratinous appearance,,,,,,
Esophageal Web,Associated Findings,,x,,,,,,,,,,,,x,,Proximal esophageal stasis / saliva pooling,Food residue above web,Iron-deficiency anemia,Plummer-Vinson–like features,Coexisting stricture,Hiatal hernia,,,,,,
Esophageal Web,Scope Passage,,x,,,,,,,,,,,,,,Easily passed,Mild resistance,Significant resistance,Unable to pass,Not attempted,,,,,,,
Esophageal Web,Biopsy,,x,,,,,,,,,Taken,,,,,Yes,No,,,,,,,,,,
Esophageal Web,Intervention,,x,,,,,,,,,,,,,,No intervention,Dilated with upper GI scope,Gentle dilation (balloon),Bougie dilation,Web disruption with biopsy forceps,Mucosal incision / division,,,,,,
Esophageal Web,Intervention,,x,,,,,,,,,Post-Intervention Notes,,,x,,Web successfully disrupted,Partially disrupted,Minor mucosal tear,Controlled bleeding,No complications,,,,,,,
Esophagitis,Endoscope insertion depth,,x,,,,,,,,,,,,,,int_box cm from incisors,,,,,,,,,,,
Esophagitis,Type,,x,,,,,,,,,,,,x,,Reflux,Eosinophilic,Other alphanum_box,,,,,,,,,
Esophagitis,Length of Esophagitis Segment,,x,,,,,,,,,,,,,,int_box to int_box cm from incisors,,,,,,,,,,,
Esophagitis,Specific Lesions,,x,,,,,,,,,Type,,,x,,mucosal breaks,erosion,ulcer,ring,furrow,stricture,exudate,bleeding,petechiae,,,
Esophagitis,Specific Lesions,,x,,,,,,,,,Extent / distribution,,,,,Localized,patchy,generalized,,,,,,,,,
Esophagitis,Grading (Los Angeles),,x,,,,,,,,,,,Section(Type=Reflux),,,A,B,C,D,NA,,,,,,,
Esophagitis,EREFS (Endoscopic Reference Score),,x,,,,,,,,,Edema,,Section(Type=Eosinophilic),,,0,1,2,,,,,,,,,
Esophagitis,EREFS (Endoscopic Reference Score),,x,,,,,,,,,Rings,,Section(Type=Eosinophilic),,,0,1,2,3,,,,,,,,
Esophagitis,EREFS (Endoscopic Reference Score),,x,,,,,,,,,Exudates,,Section(Type=Eosinophilic),,,0,1,2,,,,,,,,,
Esophagitis,EREFS (Endoscopic Reference Score),,x,,,,,,,,,Furrows,,Section(Type=Eosinophilic),,,0,1,2,,,,,,,,,
Esophagitis,EREFS (Endoscopic Reference Score),,x,,,,,,,,,Strictures,,Section(Type=Eosinophilic),,,0,1,,,,,,,,,,
Esophagitis,Biopsy taken,"4-14-4
Take 4 biopsies 14 cm and 4 cm above the EGJ
Esophagitis_Biopsy_800x500.png",x,,,,,,,,,,,,,,Yes,No,,,,,,,,,,
Esophagitis,Procedure Intervention,,x,,,,,,,,,Type,,,,,clip,injection,Thermal,balloon,bougie,Stent,APC,Other alphanum_box,,,,
Esophagitis,Procedure Intervention,,x,,,,,,,,,Result,,,,,Success,Partial,Failure,,,,,,,,,
Extrinsic Compression,Distance from incisors,,x,,,,,,,,,,,,,,int_box cm,,,,,,,,,,,
Extrinsic Compression,Extrinsic Compression Location,,,,,x,,,,,,D1,,,x,,anterior wall,posterior wall,superior wall,inferior wall,,,,,,,,
Extrinsic Compression,Extrinsic Compression Location,,,,,x,,,,,,D2,,,x,,ampullary region,medial wall,lateral wall,inferior wall,superior wall,,,,,,,
Extrinsic Compression,Extrinsic Compression Location,,,,,x,,,,,,D3,,,,,D3,,,,,,,,,,,
Extrinsic Compression,Nature of Compression,,x,x,x,x,,,,,,,,,x,,Smooth impression,Broad-based indentation,Sharp focal indentation,Pulsatile impression,Fixed compression,Mobile with respiration,Notch-like indentation,Luminal distortion,,,,
Extrinsic Compression,Severity of Luminal Narrowing,,x,x,,x,,,,,,,,,,,None (indentation only),Mild — lumen distorted but scope passes easily,Moderate — slight resistance,Severe — tight passage,Impassable,,,,,,,
Extrinsic Compression,Suspicion of Underlying Cause,,x,x,x,x,,,,,,,,,x,,Left atrium enlargement,Aortic arch / aberrant vessel,Enlarged mediastinal lymph nodes,Bronchial compression,Left main bronchus impression,Thyroid enlargement,Gallbladder / periportal mass,Liver contour,Splenic mass,Aortic aneurysm,,
Extrinsic Compression,Suspicion of Underlying Cause,,,,,x,,,,,,Duodenum Specific,,,x,,Pancreatic head mass,Renal mass,,,,,,,,,,
Extrinsic Compression,Suspicion of Underlying Cause,,x,x,x,x,,,,,,Other,,,,,Etiology unclear,Other: alphanum_box,,,,,,,,,,
Extrinsic Compression,Mucosal Surface Over Compression,,x,x,x,x,,,,,,,,,x,,Normal,Erythema,Edema,Erosions,Ulceration,Friability,Nodularity,,,,,
Extrinsic Compression,Biopsy,,x,x,x,x,,,,,,,,,,,Yes,No,,,,,,,,,,
Extrinsic Compression,Referred to,,x,x,x,x,,,,,,,,,x,,EUS,CT/MRI,,,,,,,,,,
Fistula,Opening Appearance,,x,,x,x,,,,,,,,,x,,Small pinpoint,Slit-like,Irregular defect,Ulcer-based,Large cavitary,Multiple openings,,,,,,
Fistula,Surrounding Mucosa,,x,,x,x,,,,,,,,,x,,Inflamed / erythematous,Edematous,Ulcerated,Granulation tissue,Fibrotic rim,Necrotic tissue,Normal mucosa,,,,,
Fistula,Contents / Drainage,,x,,x,x,,,,,,,,,x,,Air bubbling,Saliva / GI contents,Pus / purulent discharge,Bilious fluid,Food particles,Blood / oozing,No visible drainage,,,,,
Fistula,Secondary Signs,,x,,x,x,,,,,,,,,x,,Submucosal tunnel,Cavity seen beyond mucosa,Visible stent (migration),Surgical sutures/staples,Foreign body / drain in view,Severe luminal narrowing,Pooling of secretions,,,,,
Fistula,Size / Extent,,x,,x,x,,,,,,,,,,,<5 mm,5–10 mm,>10 mm,,,,,,,,,
Fistula,Suspected Etiology Pattern,,x,,x,x,,,,,,,,,,,Post-surgical,Post-endoscopic therapy,Malignant infiltration,Chronic ulcer,Radiation injury,Infectious/inflammatory appearance,Traumatic,,,,,
Fistula,Intervention,,x,,x,x,,,,,,,,,,,Clip closure (OTSC / through-the-scope),Stent placement,Glue/sealant therapy,APC/fistula tract ablation,,,,,,,,
Fistula,Intervention,,x,,x,x,,,,,,Post-Procedure Notes,,,,,No complications,Minor bleeding,Leak testing performed (air / dye),Further imaging recommended,,,,,,,,
Foreign Body,Type,,x,x,x,x,,,,,,,,,x,,Food,Bone,Pill,Denture,button battery,Sharp object,Coin/Metallic object,Plastic,Glass,Unidentified object,Other: alphanum_box,
Foreign Body,Distance from incisors,,x,,,,,,,,,,,,,,int_box cm,,,,,,,,,,,
Foreign Body,Orientation / Impaction features,,x,x,x,x,,,,,,,,,x,,Lodged / impacted,Partially obstructing,Completely obstructing,Free-floating,Embedded in mucosa,Sharp end pointing proximally,Sharp end pointing distally,Multiple pieces,,,,
Foreign Body,Surrounding Mucosa,,x,x,x,x,,,,,,,,,x,,Normal,Erythema,Edema,Abrasion,Linear scratches,Ulceration,Active bleeding,Perforation suspected,Necrosis,Pressure injury (battery),,
Foreign Body,Associated Findings,,x,x,x,x,,,,,,,,,x,,Saliva pooling,Food residue above obstruction,Distal collapse,Airway compromise risk,Tracheal compression (proximal),,,,,,,
Foreign Body,Removal,,x,x,x,x,,,,,,Method,,,x,,None (passed spontaneously),Grasping forceps,Rat-tooth forceps,Alligator forceps,Tripod / polyp forceps,Roth net,Snare,Cap-assisted removal,Overtube-assisted removal,Magnet retrieval,Push technique (into stomach),
Foreign Body,Removal,,x,x,x,x,,,,,,Outcome,,,x,,Complete removal,Partial removal,Failed removal,Retrieval abandoned for safety,Object pushed into stomach intentionally,Unable to remove — referred to surgery,,,,,,
Foreign Body,Removal,,x,x,x,x,,,,,,Post-removal Inspection,,,x,,Mucosa intact,Small abrasion,Ulceration,Deep mucosal defect,Bleeding,Battery injury zone,Suspected perforation,Residual fragments seen,,,,
Foreign Body,Complications,,x,x,x,x,,,,,,,,,x,,None,Bleeding,Mucosal tear,Perforation suspected,Aspiration event,Hypoxia,Need for airway intervention,,,,,
Foreign Body,Post-procedure Plan,,x,x,x,x,,,,,,,,,x,,Soft diet,Monitor for perforation,Chest X-ray / CT,ENT consult (if proximal injury),Surgery consult,Repeat endoscopy,,,,,,
Gastric Mucosal Atrophy,Kimura–Takemoto Grade,"Gastric_Atrophy_Kimura-Takemoto_850x504.png
Atrophic borders are indicated by a dotted line. 
A: C1 (Limited to the antrum)
B: C2 (Limited to the minor area of the lesser curvature of the body)
C: C3 (In the major area of the lesser curvature of the body but does not extend beyond the cardia)
D: O1 (Extends to the fundus over the cardia. Atrophic border of the body lies between the lesser curvature and anterior wall)
E: O2 (Atrophic border of the body lies on the anterior wall)
F: O3 (Widespread with the border between the anterior wall and greater curvature)",,,x,,,,,,,,,,,,C1,C2,C3,O1,O2,O3,,,,,,
Gastric Mucosal Atrophy,WL Features,,,,x,,,,,,,,,,x,,Pale mucosa,Flattened folds,Transparent mucosa,Prominent submucosal vessels,Patchy “map-like” atrophy,Glossy surface,Scattered erosions,Atrophic islands,,,,
Gastric Mucosal Atrophy,NBI Microvascular Features,"atrophy_nbi_1_800x800.png
atrophy_nbi_2_800x800.png",,,x,,,,,,,,,,x,,Prominent collecting venules,Visible subepithelial capillary network (SECN),Branching/dilated vessels,Sharply defined atrophic border,Increased vascular visibility in body,Reduced brown glandular pattern,,,,,,
Gastric Mucosal Atrophy,NBI Microsurface Features,,,,x,,,,,,,,,,x,,Flattened / irregular pits,Enlarged / widened pit intervals,Loss of pit density,Mottled pale + brown patches,Smooth shiny surface,,,,,,,
Gastric Mucosal Atrophy,Metaplasia Indicators,"Atrophy_Vs_Metaplasia_800x400.png
Gastric_Atrophy_LBC_WOS_800x350.png",,,x,,,,,,,,,,x,,Light Blue Crests (LBC),White Opaque Substance (WOS),Patchy whitish-grey plaques,Map-like metaplastic islands,Tubular / ridge-like surface pattern,Slight mucosal nodularity,Pale elevated patches,,,,,
Gastric Mucosal Atrophy,Distribution Pattern,,,,x,,,,,,,,,,x,,Antral-predominant,Oxyntic-predominant,Multifocal,Borderline / transition-zone visible,,,,,,,,
Gastric Mucosal Atrophy,Biopsy,Gastric_Atrophy_Biopsy_Sydney_Protocol_600x300.png,,,x,,,,,,,,,,x,,Targeted biopsies from atrophic areas,Biopsy as per Sydney protocol,,,,,,,,,,
Gastric Outlet Obstruction,Level of Obstruction,,,,x,x,,,,,,,,,x,,Pyloric channel,Pyloric ring,Prepyloric antrum,Duodenal bulb (D1),D1-D2 junction,Duodenum D2,Post-surgical anastomosis (gastrojejunostomy),Unclear / multiple levels,,,,
Gastric Outlet Obstruction,Severity,,,,x,x,,,,,,,,,,,Partial obstruction (scope passes easily),Significant narrowing (scope passes with difficulty),High-grade stenosis (scope cannot pass),Complete obstruction (no visible lumen),,,,,,,,
Gastric Outlet Obstruction,Endoscopic Appearance of the Obstructed Segment,,,,x,x,,,,,,,,,x,,Concentric narrowing,Irregular narrowing,Tight ring-like stenosis,Long segment narrowing,Mass-like lesion causing narrowing,Edematous swelling,Scarring / fibrosis,Twisted / angulated lumen,,,,
Gastric Outlet Obstruction,Mucosal Features,,,,x,x,,,,,,,,,x,,Erythema,Edema,Ulceration,Healing ulcer scar,Nodularity,Tumor infiltration appearance,Friability,Smooth mucosa,,,,
Gastric Outlet Obstruction,Proximal Findings,,,,x,x,,,,,,,,,x,,Retained food,Fluid stasis,Visible peristalsis,Dilated antrum,Dilated D1,Pooling of bile,,,,,,
Gastric Outlet Obstruction,Likely Etiology,,,,x,x,,,,,,,,,,,Peptic ulcer–related scarring,Malignant mass,Edematous acute inflammation,Extrinsic compression,Post-surgical stricture,Pylorospasm / functional narrowing,,,,,,
Gastric Outlet Obstruction,Biopsy,,,,x,x,,,,,,,,,,,Biopsy from suspicious lesion,Biopsy avoided (benign scar appearance),,,,,,,,,,
Gastric Outlet Obstruction,Intervention / Management,,,,x,x,,,,,,,,,,,Balloon dilation (single),Sequential balloon dilation,Temporary stent placement,Restart / reposition scope after suctioning food debris,EUS recommended,,,,,,,
Gastric Outlet Obstruction,Intervention / Management,,,,x,x,,,,,,Immediate Post-Intervention Findings,,,x,,Lumen adequately widened,Partial improvement,No improvement,Mucosal tear,Bleeding,No complications,,,,,,
Gastric Polyp,Number,,,,x,,,,,,,,,,,,Single,Multiple,Count: int_box,,,,,,,,,
Gastric Polyp,Size,,,,x,,,,,,,,,,,,<5 mm,5-10 mm,>10 mm,Measured int_box mm,,,,,,,,
Gastric Polyp,Morphology,,,,x,,,,,,,Type,,,,,Sessile,Semi-pedunculated,Pedunculated,,,,,,,,,
Gastric Polyp,Morphology,,,,x,,,,,,,Stalk Size,,Section(Type=Pedunculated) OR Section(Type=Semi-pedunculated),,,int_box mm,,,,,,,,,,,
Gastric Polyp,Morphology,,,,x,,,,,,,Stalk Width,,Section(Type=Pedunculated) OR Section(Type=Semi-pedunculated),,,int_box mm,,,,,,,,,,,
Gastric Polyp,Morphology,,,,x,,,,,,,Head Size,,Section(Type=Pedunculated) OR Section(Type=Semi-pedunculated),,,int_box mm,,,,,,,,,,,
Gastric Polyp,Morphology,,,,x,,,,,,,Head Width,,Section(Type=Pedunculated) OR Section(Type=Semi-pedunculated),,,int_box mm,,,,,,,,,,,
Gastric Polyp,Morphology,,,,x,,,,,,,Surface,,,,,Smooth,Lobulated,Papillary,Eroded,,,,,,,,
Gastric Polyp,Morphology,,,,x,,,,,,,Color,,,,,Normal mucosa,Pale,Hyperemic,,,,,,,,,
Gastric Polyp,Morphology,,,,x,,,,,,,Margins,,,,,Well-defined,Ill-defined,,,,,,,,,,
Gastric Polyp,Paris Classification,Gastric-Polyps_Paris-Classification_800x430.jpg,,,x,,,,,,,,,,,,Ip,Isp,Is,0-IIa,0-IIa+c,0-IIa+Is,0-IIb,0-IIc,0-III,,,
Gastric Polyp,Suspicious Features,High-risk,,,x,,,,,,,,,,x,,Irregular surface pattern,Ulcer on top,Spontaneous bleeding,Friability,Depressed areas,,,,,,,
Gastric Polyp,Associated Findings,,,,x,,,,,,,,,,x,,Surrounding gastritis,Atrophic mucosa,Intestinal metaplasia,H. pylori–like features,Multiple diffuse polyps (possible syndromic),PHG,,,,,,
Gastric Polyp,Likely Etiology / Pattern,"Quick Visual Rules
    • Smooth + same color + multiple in fundus → think fundic gland
    • Red + lobulated + erosion → think hyperplastic
    • Irregular surface or margins → treat as adenomatous-suspicious
    • Yellowish, firm, round → consider NET
    • Diffuse polyps → think syndromic",,,x,,,,,,,,,,,,Fundic gland–type pattern,Hyperplastic-type pattern,Adenomatous-suspicious,Inflammatory-type,Syndromic polyposis pattern,Indeterminate,PHG-Polyp,,,,,
Gastric Polyp,Biopsy,,,,x,,,,,,,Taken,,,,,Yes,No,,,,,,,,,,
Gastric Polyp,Biopsy,,,,x,,,,,,,Count,,Subsection(Taken=Yes),,,int_box,,,,,,,,,,,
Gastric Polyp,Intervention,,,,x,,,,,,,Removed by,,,,,Cold biopsy,Cold snare,Hot snare,Not removed,,,,,,,,
Gastric Polyp,Intervention,,,,x,,,,,,,Hemostasis,,,x,,Not needed,Clip,Coagulation,,,,,,,,,
Gastric Polyp,Polyposis Syndrome Diagnosis,,,,x,,,,,,,,,,,,Suspected,Known case,,,,,,,,,,
Gastric Polyp,Polyposis Syndrome,polyposis_table_800x460.png,,,x,,,,,,,Type,,Section(Polyposis Syndrome Diagnosis=Suspected) OR Section(Polyposis Syndrome Diagnosis=Known case),,,FAP,Juvenile,Peutz-Jeghers,MAP,Cowden (PTEN),Other alphanum_box,,,,,,
Gastric Polyp,Polyposis Syndrome,,,,x,,,,,,,Spigelman score,,Subsection(Type=FAP),,,0,I,II,III,IV,,,,,,,
Gastric Polyp,Polyposis Syndrome,,,,x,,,,,,,Follow-up recommendation,,Section(Polyposis Syndrome Diagnosis=Suspected) OR Section(Polyposis Syndrome Diagnosis=Known case),,,int_box months,,,,,,,,,,,
Gastric Polyp,Polyposis Syndrome,,,,x,,,,,,,Genetic testing recommendation,,Section(Polyposis Syndrome Diagnosis=Suspected) OR Section(Polyposis Syndrome Diagnosis=Known case),,,APC,STK11,,,,,,,,,,
Gastric Contents,Content,,,,x,,,,,,,Type,,,,,ClearFluid,Bile,Blood,ParticulateFood,Solid Food,Bezoar,Other,,,,,
Gastric Contents,Content,,,,x,,,,,,,Bezoar Type,,Subsection(Type=Bezoar),,,Phytobezoar,Tricho,Pharma,Other alphanum_box,,,,,,,,
Gastric Contents,Content,,,,x,,,,,,,Bezoar Size,,Subsection(Type=Bezoar),,,int_box mm,,,,,,,,,,,
Gastric Contents,Pyloric Patency,,,,x,,,,,,,,,,,,Open,Narrowed,Occluded,Not visualized,,,,,,,,
Gastric Contents,Scope Traversed Pylorus,,,,x,,,,,,,,,,,,Yes,No,,,,,,,,,,
Gastric Contents,Peristalsis,,,,x,,,,,,,,,,,,Normal,Hypomotile,Akinetic,Hypercontractile,Not Assessed,,,,,,,
Gastric Contents,InRoomActions,,,,x,,,,,,,,,,,,Suction,Lavage,Bezoar removal,Snare removal,,,,,,,,
Gastric Contents,Final Implication,,,,x,,,,,,,,,,,,Likely Gastroparesis,Mechanical GOO,Inadequate preparation,Other alphanum_box,,,,,,,,
Gastric Ulcer,Number,,,,x,,,,,,,,,,,,Single,Count: int_box,,,,,,,,,,
Gastric Ulcer,Size of Largest Ulcer,,,,x,,,,,,,,,,,,< 5 mm,5–10 mm,11–20 mm,> 20 mm (large),Measured: int_box mm,,,,,,,
Gastric Ulcer,Shape / Margins,,,,x,,,,,,,,,,x,,Oval,Linear,Irregular,Smooth flat margins,Raised margins,Undermined / overhanging edges,Nodular / mass-like edge,,,,,
Gastric Ulcer,Base,,,,x,,,,,,,,,,x,,Clean,Fibrinous,Necrotic,Granular,Hematin,,,,,,,
Gastric Ulcer,Surrounding Mucosa,,,,x,,,,,,,,,,x,,Normal,Erythematous,Atrophic,Intestinal metaplasia,Nodularity,Multiple erosions,Mass adjacent to ulcer,Edematous,,,,
Gastric Ulcer,Likely Etiology,,,,x,,,,,,,,,,x,,H. pylori related,NSAID / aspirin,Stress ulcer,Malignancy suspected,CMV / HSV,Crohn’s,Radiation,Corrosive,Idiopathic,,,
Gastric Ulcer,Biopsy,,,,x,,,,,,,,,,x,,No biopsy,Edge biopsy,Base biopsy,Rapid urease test,,,,,,,,
Gastric Ulcer,Biopsy,,,,x,,,,,,,Specimen count,,,,,int_box,,,,,,,,,,,
Gastric Ulcer,Forrest Classification,"if active bleed/ history of bleeding
Ulcer_forrest_classification_600x320.png",,,x,,,,,,,,,,,,Ia — Spurting,Ib — Oozing,IIa — Visible vessel,IIb — Adherent clot,IIc — Pigmented spot,III — Clean base,,,,,,
Gastric Ulcer,Hemostasis / Therapeutic Interventions,,,,x,,,,,,,,,,x,,Adrenaline injection,APC,Gold probe,hemospray,Hemoclips,OTSC,Combination therapy,Endoscopic suturing,Surgical referral,Other alphanum_box,,
Gastric Ulcer,Hemostasis / Therapeutic Interventions,,,,x,,,,,,,Volume,,Section(Hemostasis / Therapeutic Interventions=Adrenaline injection),,,int_box ml,,,,,,,,,,,
Gastric Ulcer,Hemostasis / Therapeutic Interventions,,,,x,,,,,,,Count,,Section(Hemostasis / Therapeutic Interventions=Hemoclips),,,int_box,,,,,,,,,,,
Gastric Ulcer,Hemostasis / Therapeutic Interventions,,,,x,,,,,,,Outcome,,,,,Complete hemostasis,Partial,Failed,Deferred,,,,,,,,
Gastric Ulcer,Hemostasis / Therapeutic Interventions,,,,x,,,,,,,Complications,,,,,None,Immediate bleeding,Delayed bleeding,Perforation suspected,Large mucosal tear,,,,,,,
Gastric Varices,Classification,,,,x,,,,,,,,,,,,GOV1 (Esophageal varices extending along lesser curvature),GOV2 (Esophageal varices extending into fundus),IGV1 (Isolated fundal varices),IGV2 (Isolated ectopic gastric varices – antrum/body/other),,,,,,,,
Gastric Varices,Size / Form (F-classification),,,,x,,,,,,,,,,,,"F1 – Small, straight or mildly tortuous varices","F2 – Enlarged, tortuous varices occupying part of lumen","F3 – Large, nodular or tumor-like varices occupying lumen",,,,,,,,,
Gastric Varices,Appearance,,,,x,,,,,,,,,,x,,Red wale marks,Cherry red spots,Hematocystic spots,Diffuse erythema,Surface erosion,Imminent rupture appearance,Nipple sign,,,,,
Gastric Varices,Bleeding Status,,,,x,,,,,,,,,,x,,No active bleeding,Oozing,Spurting arterial-type bleed,Adherent clot,Stigmata of recent bleed,Old blood in stomach,,,,,,
Gastric Varices,Intervention Performed,,,,x,,,,,,,,,,,,Glue Injection,Thrombin Injection,Balloon tamponade,Hemospray,None,,,,,,,
Gastric Varices,Intervention Performed,,,,x,,,,,,,Agent Used,,Section(Intervention Performed=Glue Injection),,,N-butyl-2-cyanoacrylate,2-octyl-cyanoacrylate,Histoacryl,,,,,,,,,
Gastric Varices,Intervention Performed,,,,x,,,,,,,Dilution,,Section(Intervention Performed=Glue Injection),,,Undiluted,1:1 with Lipiodol,Other ratio int_box:int_box,,,,,,,,,
Gastric Varices,Intervention Performed,,,,x,,,,,,,Number of Injection Sites,,Section(Intervention Performed=Glue Injection),,,Single,2,3,,,,,,,,,
Gastric Varices,Intervention Performed,,,,x,,,,,,,Volume Per Injection,,Section(Intervention Performed=Glue Injection),,,<0.5 mL,0.5–0.9 mL,1–1.9 mL,2 mL,,,,,,,,
Gastric Varices,Intervention Performed,,,,x,,,,,,,Total Volume Delivered,,Section(Intervention Performed=Glue Injection),,,<1 mL,1–1.9 mL,2–2.9 mL,3 mL,,,,,,,,
Gastric Varices,Intervention Performed,,,,x,,,,,,,Immediate solidification seen,,Section(Intervention Performed=Glue Injection),,,Yes,No,,,,,,,,,,
Gastric Varices,Intervention Performed,,,,x,,,,,,,Thrombin Source,,Section(Intervention Performed=Thrombin Injection),,,Human thrombin,Bovine thrombin,Recombinant thrombin,,,,,,,,,
Gastric Varices,Intervention Performed,,,,x,,,,,,,Concentration,,Section(Intervention Performed=Thrombin Injection),,,250 IU/mL,500 IU/mL,Other: int_box IU/mL,,,,,,,,,
Gastric Varices,Intervention Performed,,,,x,,,,,,,Diluent,,Section(Intervention Performed=Thrombin Injection),,,Normal saline,Manufacturer-provided buffer,,,,,,,,,,
Gastric Varices,Intervention Performed,,,,x,,,,,,,Post-Intervention Findings,,,x,,Adequate obliteration,Partial treatment,Residual large varices,Treated varix appears hard/solid,No complications,,,,,,,
Gastropathy,Endoscopic Descriptors,,,,x,,,,,,,Color / Surface,,,x,,Diffuse erythema,Patchy erythema,Atrophic-appearing mucosa,Edematous mucosa,Cyanotic mucosa (congestive pattern),,,,,,,
Gastropathy,Endoscopic Descriptors,,,,x,,,,,,,Patterns,,,x,,Mosaic / snake-skin pattern,Spotty red spots,Confluent red areas,Cherry-red spots (Venous congestion),Prominent congested vessels (non-telangiectatic),Scalloped Mucosa,Fine red punctate lesions,Black-brown spots,,,,
Gastropathy,Endoscopic Descriptors,,,,x,,,,,,,Erosions / Injury,,,x,,Multiple erosions,Friable mucosa,Contact bleeding,,,,,,,,,
Gastropathy,Endoscopic Descriptors,,,,x,,,,,,,Secretions / Exudate,,,x,,Bile staining / bile pooling,Mucus adherent film,Fibrinous patches,,,,,,,,,
Gastropathy,Endoscopic Descriptors,,,,x,,,,,,,Folds,,,x,,Normal,Thickened folds,,,,,,,,,,
Gastropathy,Endoscopic Descriptors,,,,x,,,,,,,Bleeding Pattern,,,x,,No bleeding,Diffuse oozing,Focal active bleeding,Adherent clot,Oozing from mucosa,Oozing from red spots,,Stigmata of recent bleed,Fresh blood in stomach,,,
Gastropathy,Endoscopic Descriptors,,,,x,,,,,,,Extent / Distribution Pattern,,,x,,Focal,Multifocal,Diffuse whole-stomach involvement,Predominantly body/fundus,Antral predominant,,,,,,,
Gastropathy,Likely Etiology,"Reactive / chemical gastropathy (bile reflux): bile staining, foveolar hyperemia, antral predominance
NSAID-related gastropathy: numerous small erosions, clean-based erosions, antral > body involvement
Stress-related gastropathy: diffuse erythema + erosions in critically ill/ICU patients
Radiation gastropathy: patchy telangiectasia, pallor, friability, known gastric radiation field
Congestive / venous gastropathy: dusky mucosa, swollen congested folds, cherry-red spots, cardiac/venous congestion
H. pylori–associated gastritis pattern: mottled erythema, nodularity, loss of RAC, antral dominance
Not assigning etiology: purely descriptive report — recommended when uncertain",,,x,,,,,,,,,,,,Portal hypertensive gastropathy (PHG),Reactive / chemical gastropathy (bile reflux),NSAID-related gastropathy,Stress-related gastropathy,Radiation gastropathy,Congestive / venous gastropathy,H. pylori–associated gastritis pattern,Not assigning etiology,,,,
Gastropathy,Likely Etiology,"Mild PHG  :- mosaic (“snake-skin”) pattern only, without red spots or bleeding
Severe PHG :- mosaic pattern plus red/cherry-red spots (numerous or confluent) and/or active oozing/bleeding (or presence of diffuse friability)",,,x,,,,,,,,,Section(Likely Etiology=Portal hypertensive gastropathy (PHG)),,,,,,,,,,,,,,
Gastropathy,Intervention,,,,x,,,,,,,,,,x,,Hemostasis (APC / coagulation),Hemospray,,,,,,,,,,
Gastropathy,Intervention,,,,x,,,,,,,Post-Procedure Notes,,,x,,No complications,Minor contact bleeding,Significant oozing controlled,Recommend medical therapy optimization,,,,,,,,
GAVE,Pattern Type,GAVE_3in1_390x900.png,,,x,,,,,,,,,,,,Classic linear “watermelon” stripes,Punctate pattern,Nodular GAVE,,,,,,,,,
GAVE,Active Bleeding Status,,,,x,,,,,,,,,,,,Yes,No,,,,,,,,,,
GAVE,Extent / Distribution,,,,x,,,,,,,,,,x,,Focal antral region,Diffuse antral involvement,Multifocal linear pattern,Proximal extension,,,,,,,,
GAVE,Intervention,,,,x,,,,,,,,,,x,,No treatment,Argon plasma coagulation (APC),Radiofrequency ablation,Endoscopic band ligation,Heater probe,Hemostatic powder,,,,,,
GAVE,Intervention,,,,x,,,,,,,Post-Procedure Notes,,,x,,Treated lesions visibly coagulated,Partial treatment (multiple sessions planned),No complications,Minor contact bleeding,,,,,,,,
GERD,Esophageal Findings,,x,x,,,,,,,,Mucosal appearance,,,,,Normal,Erythema,Friability,Edema,,,,,,,,
GERD,Esophageal Findings,GERD-Esophagitis-LA_800x285.jpg,x,x,,,,,,,,Esophagitis LA classification,,,,,None,LA-A,LA-B,LA-C,LA-D,,,,,,,
GERD,Esophageal Findings,,x,x,,,,,,,,Contact bleeding,,,,,Yes,No,,,,,,,,,,
GERD,Esophageal Findings,,x,x,,,,,,,,Exudates,,,,,Yes,No,,,,,,,,,,
GERD,Esophageal Findings,,x,x,,,,,,,,Mucosal breaks,,,,,Yes,No,,,,,,,,,,
GERD,Esophageal Findings,,x,x,,,,,,,,Length,,Subsection(Mucosal breaks=Yes),,,<5 mm,5–10 mm,>10 mm,,,,,,,,,
GERD,Esophageal Findings,,x,x,,,,,,,,Continuity,,Subsection(Mucosal breaks=Yes),,,Single,Multiple,,,,,,,,,,
GERD,Z-Line / Columnar Mucosa,,x,x,,,,,,,,Irregular Z-line length,,,,,<1 cm,≥1 cm,,,,,,,,,,
GERD,Z-Line / Columnar Mucosa,,x,x,,,,,,,,Columnar mucosa tongues,,,,,None,Present (<1 cm),Present (≥1 cm),,,,,,,,,
GERD,Reflux-Related Complications,,x,x,,,,,,,,,,,x,,Peptic stricture,Ulcer at GEJ,Schatzki ring,Polyp/Inflammatory polyp at EGJ,,,,,,,,
Glycogen Nodules,Number,,x,,,,,,,,,,,,,,Few,Multiple,Diffuse,,,,,,,,,
Glycogen Nodules,Appearance,Glycogen_Nodule_400x350.png,x,,,,,,,,,,,,,,Small whitish nodules,"Smooth, round, well-defined",,,,,,,,,,
Graft V Host Disease,Overall Severity,,x,x,x,x,,,,,,,,,,,Mild,Moderate,Severe,,,,,,,,,
Graft V Host Disease,Mucosal Pattern,,x,x,x,x,,,,,,,,,x,,Patchy erythema,Diffuse erythema,Edema,Loss of vascular pattern,Mosaic appearance,Atrophy,,,,,,
Graft V Host Disease,Surface Lesions,,x,x,x,x,,,,,,,,,x,,Scattered erosions,Multifocal erosions,Superficial ulcerations,Deep ulcerations,Exudate,Friability,Mucosal denudation,,,,,
Graft V Host Disease,Lumen / Fold Appearance,,x,x,x,x,,,,,,,,,x,,Edematous folds,Flattened folds,Narrowed segments,,,,,,,,,
Graft V Host Disease,Bleeding Features,,x,x,x,x,,,,,,,,,,,No bleeding,Contact bleeding,Diffuse oozing,Adherent clots,,,,,,,,
Graft V Host Disease,Distribution Pattern,,x,x,x,x,,,,,,,,,,,Focal,Patchy,Multifocal,Diffuse,,,,,,,,
Graft V Host Disease,Biopsy,,x,x,x,x,,,,,,,,,x,,Multiple biopsies from affected areas,Biopsy-Normal mucosa (for GVHD staging),Biopsy avoided,,,,,,,,,
Graft V Host Disease,Hemostasis performed,,x,x,x,x,,,,,,,,,,,Yes,No,,,,,,,,,,
Graft V Host Disease,Post-Procedure Notes,,x,x,x,x,,,,,,,,,x,,No complications,Minor bleeding post-biopsy,Limited visualization due to blood/slough,Recommend correlation with histology,Suggest repeat endoscopy based on severity,,,,,,,
Hiatus Hernia,Type,hiatus_hernia_800x625.png,,x,,,,,,,,,,,,,I - Sliding Hiatus Hernia,II - Paraesophageal Hernia,III - Mixed/Combined,IV - Giant Paraesophageal Hernia,,,,,,,,
Hiatus Hernia,Landmarks,,,x,,,,,,,,Diaphragmatic pinch,,,,,int_box cm from incisors,,,,,,,,,,,
Hiatus Hernia,Landmarks,,,x,,,,,,,,GE junction identified,,,,,int_box cm from incisors,,,,,,,,,,,
Hiatus Hernia,Size,,,x,,,,,,,,,,,,,Small (2-3 cm),Medium (3-5 cm),Large (>5 cm),,,,,,,,,
Hills hiatus,Hills Grade,Hills_hiatus_800x450.webp,,x,,,,,,,,,,,,,I,II,III,IV,,,,,,,,
H. Pylori,Status,,,,x,,,,,,,,,,,,Suspected H. pylori (endoscopic appearance or clinical),Confirmed H. pylori (prior positive test),Post-eradication follow-up / test of cure,Not suspected / unrelated,,,,,,,,
H. Pylori,Areas Involved,,,,x,,,,,,,,,,x,,Antrum,Corpus/body,Fundus,Pangastric,Patchy,,,,,,,
H. Pylori,Endoscopic appearance,"Antral nodularity --> highly suggestive
Diffuse erythema --> antrum ± body
Multiple small erosions --> antral
Atrophic patches / intestinal metaplasia --> possible chronic infection",,,x,,,,,,,,,,x,,Normal,Antral nodularity,Erythema,Prominent gastric folds,Mosaic / patchy redness,Edematous mucosa,Multiple small erosions,Atrophic patches / intestinal metaplasia,Other (describe): alphanum_box,,,
H. Pylori,Biopsy,"Sydney protocol:
Take ≥2 antral biopsies (lesser curvature + greater curvature)
Take ≥1 corpus/body biopsy. 
Label jars separately — antrum vs corpus",,,x,,,,,,,,,,,,Yes,No,,,,,,,,,,
H. Pylori,Rapid urease test,,,,x,,,,,,,,,,,,Yes,No,,,,,,,,,,
H. Pylori,NBI Apperance,,,,x,,,,,,,,,,,,Irregular mucosal/vascular pattern in antrum (suggests intestinal metaplasia),Patchy brownish/red areas with altered microvascularity (Suspected- active gastritis),Lacy/mesh microvascular pattern (Suspected-chronic changes),Regular collecting venules visible (RAC present)  suggests H. pylori negative,,,,,,,,
Inlet Patch,Inlet Patch Location,,x,,,,,,,,,,,,x,,Cervical esophagus,Proximal esophagus,Upper esophageal sphincter region,,,,,,,,,
Inlet Patch,Number,,x,,,,,,,,,,,,,,Single,Multiple,,,,,,,,,,
Inlet Patch,Segment length/size,,x,,,,,,,,,,,,,,<5 mm,5-10 mm,>10 mm,Measured int_box mm,,,,,,,,
Inlet Patch,Morphology,,x,,,,,,,,,Patch shape,,,,,Round,Oval,Irregular,,,,,,,,,
Inlet Patch,Morphology,,x,,,,,,,,,Surface pattern,,,,,Smooth,Granular,Nodular,Velvety,,,,,,,,
Inlet Patch,Morphology,,x,,,,,,,,,Color,,,,,Salmon-colored,Pinkish,Reddish,,,,,,,,,
Inlet Patch,Morphology,,x,,,,,,,,,Borders,,,,,Well-demarcated,Ill-defined,,,,,,,,,,
Inlet Patch,Associated Features,,x,,,,,,,,,,,,x,,Erosions,Ulcer,Polypoid change,Elevated margin,Mucus pooling,Visible vessels / ectatic vessels,Bleeding,,,,,
Inlet Patch,Associated Features,,x,,,,,,,,,Bleeding,,Section(Associated Features=Bleeding),,,Active,Oozing,None,,,,,,,,,
Inlet Patch,Biopsy,,x,,,,,,,,,Taken,,,,,Yes,No,,,,,,,,,,
Inlet Patch,Biopsy,,x,,,,,,,,,Indication,,Subsection(Taken=Yes),,,Atypical appearance,Symptoms,Rule out dysplasia,Not indicated,,,,,,,,
Inlet Patch,Symptoms,,x,,,,,,,,,,,,x,,Globus sensation,Dysphagia,Chronic cough / throat symptoms,,,,,,,,,
Linitis Plastica,Wall Characteristics,,,,x,,,,,,,,,,x,,"Rigid, nondistensible wall",“Leather bottle” appearance,Uniform thickening,Narrowed lumen,Poor expansibility despite maximal insufflation,,,,,,,
Linitis Plastica,Fold Appearance,,,,x,,,,,,,,,,x,,Flattened folds,Thickened fixed folds,Loss of normal rugal pattern,"Broad, featureless folds",Poor peristaltic movement,,,,,,,
Linitis Plastica,Surface Features,,,,x,,,,,,,,,,x,,Smooth mucosa,Subtle nodularity,Pale mucosa,Patchy erythema,Erosions,Superficial ulcerations,Mucosal stiffness on scope contact,,,,,
Linitis Plastica,Lumen / Shape Changes,,,,x,,,,,,,,,,x,,Tubular stomach,Narrowed gastric body,Poor distension of fundus/body,Funnel-shaped antrum,Pyloric narrowing,Pooling of fluid due to stiffness,,,,,,
Linitis Plastica,Distensibility With Insufflation,,,,x,,,,,,,,,,,,No distension,Minimal distension,Partial distension,Normal distension,,,,,,,,
Linitis Plastica,Biopsy,,,,x,,,,,,,Taken,,,,,Yes,No,,,,,,,,,,
Linitis Plastica,Biopsy,,,,x,,,,,,,Count,,Subsection(Taken=Yes),,,int_box,,,,,,,,,,,
Lymphangiectasia,Presence,,,,,x,x,x,x,,,,,,,,Suspected,Indeterminate,Confirmed (by biopsy),Not seen,,,,,,,,
Lymphangiectasia,Distribution,,,,,x,x,x,x,,,,,,,,Focal,Multifocal,patchy,Diffuse,,,,,,,,
Lymphangiectasia,appearance,,,,,x,x,x,x,,,,,,x,,Whitish villi,diffuse whitening,White spots,plaques,Nodular,Vesicular,Edematous villi,Submucosal elevation,,,,
Lymphangiectasia,Number_estimate,,,,,x,x,x,x,,,,,,,,Single,Few (2–5),Several (6–20),Numerous,,,,,,,,
Lymphangiectasia,Size Estimate,,,,,x,x,x,x,,,,,,,,int_box mm,,,,,,,,,,,
Lymphangiectasia,Bleeding,,,,,x,x,x,x,,,,,,,,None,Oozing,Active bleeding,Stigmata of recent bleed,,,,,,,,
Lymphangiectasia,Biopsy,,,,,x,x,x,x,,,Taken,,,,,Yes,No,,,,,,,,,,
Lymphangiectasia,Biopsy,,,,,x,x,x,x,,,Count,,Subsection(Taken=Yes),,,int_box,,,,,,,,,,,
Lymphangiectasia,Ancillary_tests_ordered,,,,,x,x,x,x,,,,,,x,,Capsule endoscopy,MR enterography,Lymphangiography,Lymphoscintigraphy,CT,MR,Serology (albumin),Stool fat,,,,
Lymphangiectasia,Associated_features,,,,,x,x,x,x,,,,,,x,,Protein-losing enteropathy,Hypoalbuminemia,Lymphopenia,Edema,Chylous effusion,,,,,,,
Lymphangiectasia,Recommended_followup,,,,,x,x,x,x,,,,,,x,,Pathology correlation,Imaging (enterography),Nutritional consult,Lymphangiography referral,Interventional radiology referral,,,,,,,
Ménétrier Disease,Fold Characteristics,,,,x,,,,,,,,,,,,Markedly thickened “giant” folds,Cerebriform / gyriform pattern,"Broad, edematous folds","Rigid, non-distensible folds","Tortuous, deeply grooved folds",,,,,,,
Ménétrier Disease,Distensibility With Insufflation,,,,x,,,,,,,,,,,,Poor distension (classic),Partial distension,Normal distension (atypical),,,,,,,,,
Ménétrier Disease,Surface Features,,,,x,,,,,,,,,,x,,Smooth mucosa,Edema,Erythema,Mucus pooling,Erosions,Shallow ulcerations,Patches of atrophic-looking mucosa,Friability,,,,
Ménétrier Disease,Lumen / Shape Effects,,,,x,,,,,,,,,,x,,Lumen narrowing in body,Prominent mucosal ridges,Mass-like fold appearance,Pseudopolypoid projections,Retained fluid/mucus,,,,,,,
Ménétrier Disease,Associated Findings,,,,x,,,,,,,,,,x,,Protein-losing appearance (excess mucus),Fundal polyps (rare),Duodenal folds normal,No antral involvement (typical pattern),,,,,,,,
Ménétrier Disease,Vascular Features,,,,x,,,,,,,,,,x,,Subtle dilated vessels,Blunted vascular pattern,No prominent varices,,,,,,,,,
Ménétrier Disease,Biopsy,,,,x,,,,,,,Taken,,,,,Yes,No,,,,,,,,,,
Ménétrier Disease,Biopsy,,,,x,,,,,,,Count,,Subsection(Taken=Yes),,,int_box,,,,,,,,,,,
Nodule,Number,,x,x,x,x,,,,,,,,,,,Single,Multiple,Count: int_box,,,,,,,,,
Nodule,Size,,x,x,x,x,,,,,,,,,,,<5 mm,5-10 mm,>10 mm,Measured int_box mm,,,,,,,,
Nodule,Morphology,,x,x,x,x,,,,,,Shape,,,,,Round,Oval,Irregular,,,,,,,,,
Nodule,Morphology,,x,x,x,x,,,,,,Surface,,,,,Smooth,Nodular,Eroded,,,,,,,,,
Nodule,Morphology,,x,x,x,x,,,,,,Color,,,,,Normal mucosa,Pale,Erythematous,White,Yellow,Discolored,,,,,,
Nodule,Morphology,,x,x,x,x,,,,,,Elevation Type,,,,,Sessile,Semi-pedunculated,Pedunculated,,,,,,,,,
Nodule,Morphology,,x,x,x,x,,,,,,Margins,,,,,Well-defined,Ill-defined,,,,,,,,,,
Nodule,Morphology,,x,x,x,x,,,,,,Visual Consistency,,,,,Firm,Soft,Indeterminate,,,,,,,,,
Nodule,Suspicious Features,High Risk,x,x,x,x,,,,,,,,,x,,Ulcer on top,Depressed center,Spontaneous bleeding,Irregular surface pattern,Vascular irregularity,,,,,,,
Nodule,Surrounding mucosa,,x,x,x,x,,,,,,,,,x,,Edema,Erythema,Similar nodules,erosion/ulcer,,,,,,,,
Nodule,Biopsy,,x,x,x,x,,,,,,Taken,,,,,Yes,No,,,,,,,,,,
Nodule,Biopsy,,x,x,x,x,,,,,,Count,,Subsection(Taken=Yes),,,int_box,,,,,,,,,,,
Parasites,Parasite Appearance,"Parasites_Table_1000x800.png
Practical Endoscopy Notes
    • Live worm visualization: Hookworm, Ascaris, Enterobius, Taenia.
    • Mucosal patterns suggestive, organism not seen: Giardia, Microsporidia, Cryptosporidium.
    • Colonoscopic nodules / polyps: Think Schistosoma, Trichuris.
    • Rectal itching + worms: Enterobius.
    • Immunocompromised host: Strongyloides, CMV overlap, protozoa
Parasites_4in1_1000x900.png",x,x,x,x,,,,,,,,,x,,"Suspected Ascaris - Long, pale, snake-like worm (10–30 cm)",Suspected Strongyloides larvae - Thin thread-like moving worm (<1 cm),Suspected Hookworm - Short curved worm attached to mucosa,Suspected Anisakis - Coiled single worm in stomach with edema,Suspected Tapeworm segment - Flat white segment / ribbon-like fragment,Suspected Giardia - Multiple tiny motile organisms,Unidentified worm-like structure,Parasite fragment / piece,Multiple parasites present,,,
Parasites,Removal,,x,x,x,x,,,,,,,,,,,No removal attempted,forceps,Roth net,Suction removal,Flushed with irrigation,Partial removal,Unable to retrieve,,,,,
Parasites,Removal,,x,x,x,x,,,,,,Specimen sent for identification,,,,,Yes,No,,,,,,,,,,
Perforation,Type of Defect,,x,,x,x,,,,,,,,,x,,Full-thickness perforation,Deep mural tear,Large transmural defect,Small pinpoint perforation,Linear tear with exposed tissue,Gaping defect with cavity,,,,,,
Perforation,Defect Appearance,,x,,x,x,,,,,,,,,x,,Irregular edges,Ragged margins,Clean margins,Ulcer-based perforation,Necrotic tissue,Exposed muscle layers,Cavitary space visible,Submucosal tunneling,,,,
Perforation,Surrounding Mucosa,,x,,x,x,,,,,,,,,x,,Inflamed / erythematous,Edematous,Friable,Ulcerated,Necrotic,Granulation tissue,Normal-appearing mucosa,,,,,
Perforation,Contents / Leakage,,x,,x,x,,,,,,,,,x,,Air bubbling,Saliva / GI contents,Pus,Blood,Food residue,Bilious fluid,No visible leakage,,,,,
Perforation,Size / Extent,,x,,x,x,,,,,,,,,,,<5 mm,5–10 mm,>10 mm,,,,,,,,,
Perforation,Suspected Etiology Pattern,,x,,x,x,,,,,,,,,,,Iatrogenic perforation (instrument/scope),Foreign body-related,Trauma,Post-dilation,Malignant perforation,Post-surgical leak,ulcer perforation,,,,,
Perforation,Intervention,,x,,x,x,,,,,,,,,,,No endoscopic closure (not appropriate),Through-the-scope clips,Over-the-scope clip (OTSC),Endoscopic suturing,Covered stent placement,Glue/sealant,Drainage catheter visualized (existing),Aborted due to risk,,,,
Perforation,Intervention,,x,,x,x,,,,,,Post-Procedure Notes,,,x,,Adequate closure achieved,Partial closure,Unable to close endoscopically,Immediate extraluminal leak testing performed,Imaging recommended,No complications,Minor bleeding,,,,,
Portal hypertensive gastropathy,Severity,"Mild PHG : mosaic pattern ± red dots)
Severe PHG : diffuse redness, cherry red spots, black-brown spots, active oozing)",,,x,,,,,,,,,,,,Mild,Severe,,,,,,,,,,
Portal hypertensive gastropathy,Mucosal Pattern,,,,x,,,,,,,,,,x,,Mosaic / snakeskin,Diffuse erythema,Cherry red spots,Edematous mucosa,,,,,,,,
Portal hypertensive gastropathy,Bleeding Features,,,,x,,,,,,,,,,x,,No bleeding,Oozing from mucosa,Adherent clots,,,,,,,,,
Portal hypertensive gastropathy,Extent / Distribution Pattern,,,,x,,,,,,,,,,,,Diffuse whole-stomach involvement,Predominantly body/fundus,Antral predominant,,,,,,,,,
Portal hypertensive gastropathy,Intervention,,,,x,,,,,,,,,,x,,Hemostasis (APC / coagulation),Hemospray,,,,,,,,,,
Portal hypertensive gastropathy,Intervention,,,,x,,,,,,,Post-Procedure Notes,,,x,,No complications,Minor contact bleeding,Significant oozing controlled,Recommend medical therapy optimization,,,,,,,,
Post Operative Appearance,Type of Anastomosis,,x,x,x,x,,,,,,,,,,,Esophagogastric (esophagectomy),Esophagojejunostomy (EJ),Gastric bypass — gastrojejunostomy (GJ),Gastroduodenostomy (Billroth I),Gastrojejunostomy (Billroth II),Other alphanum_box,,,,,,
Post Operative Appearance,Anastomosis Location,,x,x,x,x,,,,,,,,,,,Cervical,Thoracic,Gastric bypass — gastrojejunostomy (GJ),Not specified,Other alphanum_box,,,,,,,
Post Operative Appearance,Anastomosis Location,,x,x,x,x,,,,,,From Incisors,,,,,int_box cm,,,,,,,,,,,
Post Operative Appearance,Anastomotic Site Seen,,x,x,x,x,,,,,,,,,,,Yes,No,,,,,,,,,,
Post Operative Appearance,General Appearance of Anastomosis,,x,x,x,x,,,,,,,,,x,,Healthy mucosa,Edematous,Erythematous,Ulcerated margin,Fibrinous slough,Exposed sutures/staples,Irregular mucosa,Nodular/folded edge,Dehiscence suspected,Pouch dilatation (if gastric conduit),,
Post Operative Appearance,Number of Lumen,,x,x,x,x,x,,x,x,,,,,,,1,2,3,4,,,,,,,,
Post Operative Appearance,Anastomotic Ulcer,,x,x,x,x,,,,,,Present,,,,,Yes,No,,,,,,,,,,
Post Operative Appearance,Anastomotic Ulcer,,x,x,x,x,,,,,,Size,,Subsection(Present=Yes),,,int_box mm,,,,,,,,,,,
Post Operative Appearance,Anastomotic Ulcer,,x,x,x,x,,,,,,Margins,,Subsection(Present=Yes),,,Clean,Raised,Irregular,,,,,,,,,
Post Operative Appearance,Anastomotic Ulcer,,x,x,x,x,,,,,,Base,,Subsection(Present=Yes),,,Clean,Slough,Necrotic,,,,,,,,,
Post Operative Appearance,Anastomotic Ulcer,,x,x,x,x,,,,,,Stigmata,,Subsection(Present=Yes),,,None,Visible Vessel,Clot,Active Bleeding,,,,,,,,
Post Operative Appearance,Anastomotic Leak,,x,x,x,x,,,,,,,,,x,,No leak,Suspicious defect,Visible defect / cavity,Purulent drainage,Bile staining,Air bubbles / communication,Stool contamination,,,,,
Post Operative Appearance,Anastomotic Stricture,,x,x,x,x,,,,,,Present,,,,,Yes,No,,,,,,,,,,
Post Operative Appearance,Anastomotic Stricture,,x,x,x,x,,,,,,Traversability,,Subsection(Present=Yes),,,Easy,Tight but passable,Impassable,,,,,,,,,
Post Operative Appearance,Anastomotic Stricture,,x,x,x,x,,,,,,Length,,Subsection(Present=Yes),,,int_box mm,,,,,,,,,,,
Post Operative Appearance,Granulation / Hyperplastic Tissue,,x,x,x,x,,,,,,,,,,,None,Granulation tissue,Raised proliferative tissue,Bleeding on contact,Post-surgical hyperplasia,,,,,,,
Post Operative Appearance,Staple/Suture Findings,,x,x,x,x,,,,,,,,,x,,Staples visible,Exposed staple line,Loose/eroded staple,Retained suture material,Bleeding from staple line,,,,,,,
Post Operative Appearance,Functional Findings,,x,x,x,x,,,,,,,,,x,,Normal transit,Delayed emptying,Significant residue above anastomosis,Refluxing bile,Food pooling in pouch,Pouch outlet narrowing,,,,,,
Post Operative Appearance,Interventions,,x,x,x,x,,,,,,,,,x,,Balloon dilation,Triamcinolone injection,Clip placement,OTSC,Suturing,Stent placement,Lavage of cavity,Hemostasis therapy,,,,
Post Operative Appearance,Interventions,,x,x,x,x,,,,,,Balloon Size,,Section(Interventions=Balloon dilation),,,int_box mm,,,,,,,,,,,
Post Operative Appearance,Biopsy,,x,x,x,x,,,,,,Taken,,,,,Yes,No,,,,,,,,,,
Post Operative Appearance,Biopsy,,x,x,x,x,,,,,,Biopsy Location,,Subsection(Taken=Yes),,,alphanum_box,,,,,,,,,,,
Pyloric Stenosis,Severity of Narrowing,"Mild : scope passes with ease
Moderate : scope passes with gentle pressure
Severe : scope cannot pass",,,x,,,,,,,,,,,,Mild,Moderate,Severe,,,,,,,,,
Pyloric Stenosis,Appearance of the Stenotic Segment,,,,x,,,,,,,,,,x,,Concentric narrowing,Irregular narrowing,Funnel-shaped deformity,Long narrowed channel,Short tight ring,Hourglass-type deformity,Scarring causing rigid lumen,,,,,
Pyloric Stenosis,Mucosal Features,,,,x,,,,,,,,,,x,,Erythema,Edema,Erosions,Ulceration,Fibrotic/pale mucosa,Nodularity,Mass-like features,Retained food/mucus proximal to narrowing,,,,
Pyloric Stenosis,Suspected Etiology,,,,x,,,,,,,,,,,,Peptic ulcer–related scarring,Inflammatory swelling,Edematous pylorus (acute setting),Neoplastic mass causing narrowing,Post-surgical stricture,Hypertrophic pyloric channel,Intraluminal obstruction,,,,,
Pyloric Stenosis,Biopsy,,,,x,,,,,,,,,,,,Yes,No,Avoided,,,,,,,,,
Pyloric Stenosis,Intervention / Management,,,,x,,,,,,,,,,x,,Balloon dilation performed,Multiple sequential balloon dilations,Unable to dilate,Stent placed,,,,,,,,
Pyloric Stenosis,Intervention / Management,,,,x,,,,,,,Post-Procedure Notes,,,,,No complications,Minor bleeding after dilation,Mucosal tear observed,Successful dilation,Partial improvement only,Recommend repeat dilation,Imaging recommended,,,,,
Schatzki Ring,Ring Characteristics,"Schatzki_Ring_477x475.png
web_schatzki_table_800x600.png",x,,,,,,,,,,,,x,,Thin mucosal ring ,Thickened ring,Complete Ring,Incomplete ring,Multiple rings,,,,,,,
Schatzki Ring,Lumen Diameter,,x,,,,,,,,,,,,,,20 mm (non-obstructing),13–19 mm (mild narrowing),11-13 mm (symptomatic range),<10 mm (tight ring),,,,,,,,
Schatzki Ring,Scope Passage,,x,,,,,,,,,,,,,,Easily passes,Passes with mild resistance,Passes with moderate resistance,Unable to pass,Passage avoided,,,,,,,
Schatzki Ring,Intervention Performed,,x,,,,,,,,,,,,x,,No intervention,Through-the-scope dilation,Bougie dilation,Biopsy to “break” ring,Cold disruption with forceps,EGD-only; plan for dilation later,,,,,,
Schatzki Ring,Intervention Performed,,x,,,,,,,,,Post-Procedure Notes,,,,,Ring fully disrupted,Partially disrupted,No change,Minor mucosal tear,Controlled bleeding,Recommend repeat dilation,,,,,,
Stricture,Other Location,,x,,,,x,,x,x,,,,,,,Post Cricoid Web,,,,,,,,,,,
Stricture,Type,,x,,,x,x,,x,x,,,,,,,Benign,Malignant,Indeterminate,,,,,,,,,
Stricture,Length,,x,,,x,x,,x,x,,,,,,,int_box cm,,,,,,,,,,,
Stricture,Narrowest diameter,,x,,,x,x,,x,x,,,,,,,int_box mm,,,,,,,,,,,
Stricture,Morphology,,x,,,x,x,,x,x,,,,,,,eccentric,hourglass,anastomotic,concentric/annular,,,,,,,,
Stricture,Traversability,,x,,,x,x,,x,x,,,,,x,,Yes,After dilation,No,by wire,by catheter,,,,,,,
Stricture,Prestenotic dilation,,x,,,x,x,,x,x,,,,,,,Yes,No,Size alphanum_box,Description alphanum_box,,,,,,,,
Stricture,Cause,,x,,,x,x,,x,x,,Type,,,,,postoperative,radiation,NSAID,anastomotic,peptic/GERD-related,malignant (tumor),unknown,,,,,
Stricture,Cause,,x,,,x,x,,x,x,,Qualifier,,,,,suspected,established,,,,,,,,,,
Stricture,Surface/mucosal changes at the stenosis,,x,,,x,x,,x,x,,,,,,,ulceration,scarring,fibrosis,erythema,friable,bleeding stigmata,,,,,,
Stricture,Distance from incisors,,x,,,,x,,x,x,,,,,,,int_box mm from alphanum_box,,,,,,,,,,,
Stricture,Biopsy Taken,,x,,,x,x,,x,x,,,,,,,Yes,No,,,,,,,,,,
Stricture,Procedure Intervention,,x,,,x,x,,x,x,,Type,,,x,,Balloon,Savary-Gilliard,stent placed,,,,,,,,,
Stricture,Procedure Intervention,,x,,,x,x,,x,x,,Balloon Min to Max,,Subsection(Type=Balloon),,,int_box mm to int_box mm,,,,,,,,,,,
Stricture,Procedure Intervention,,x,,,x,x,,x,x,,Savary-Gilliard Min to Max,,Subsection(Type=Savary-Gilliard),,,int_box mm to int_box mm,,,,,,,,,,,
Stricture,Procedure Intervention,,x,,,x,x,,x,x,,Result,,,,,Success,Partial,Failure,,,,,,,,,
Submucosal / Subepithelial Lesions,Size,,x,,x,x,,,,,,,,,,,<5 mm,5–10 mm,11–20 mm,21–30 mm,>30 mm,,,,,,,
Submucosal / Subepithelial Lesions,Shape / Contour,,x,,x,x,,,,,,,,,x,,Smooth dome-shaped bulge,Sessile mound,Flat elevation,Lobulated mass,Irregular mound,Exophytic impression,,,,,,
Submucosal / Subepithelial Lesions,Surface Mucosa,,x,,x,x,,,,,,,,,x,,Normal intact mucosa,Pale,Erythematous,Central umbilication,Central dimple,Erosion,Ulceration,,,,,
Submucosal / Subepithelial Lesions,Mobility / Consistency,,x,,x,x,,,,,,,,,x,,Pillow sign positive,Rolling sign positive,Firm/fixed,Hard,Compressible,Non-compressible,,,,,,
Submucosal / Subepithelial Lesions,Likely Etiology,SEL_Table_800x900.png,x,,x,x,,,,,,,,,x,,Lipoma,GIST,Leiomyoma,NET,Aberrant Pancreas,Cyst,Varix,Granular cell,Duplication cyst–like,,,
Submucosal / Subepithelial Lesions,Likely Etiology,,,,,,,,,,,Aberrant Pancreas,,Section(Likely Etiology=Aberrant Pancreas),,,Pancreatic Rest,Ectopic Pancreas,Pancreatic Crest,,,,,,,,,
Submucosal / Subepithelial Lesions,Biopsy,,x,,x,x,,,,,,Taken,,,,,Yes,No,,,,,,,,,,
Submucosal / Subepithelial Lesions,Biopsy,,x,,x,x,,,,,,Count,,Subsection(Taken=Yes),,,int_box,,,,,,,,,,,
Suspected Barrett's esophagus,Biopsy Taken,Barrett_Seattle_Biopsy_850x800.png,x,,,,,,,,Lower,,,,,,Yes,No,Number of biopsies: int_box,,,,,,,,,
Suspected Barrett's esophagus,Texture,,x,,,,,,,,Lower,,,,,,Velvety,Granular,Irregular surface pattern,,,,,,,,,
Suspected Barrett's esophagus,Salmon Color Mucosa,,x,,,,,,,,Lower,,,,,Yes,Yes,No,,,,,,,,,,
Suspected Barrett's esophagus,Tongue like projection,,x,,,,,,,,Lower,,,,,Yes,Yes,No,,,,,,,,,,
Suspected Barrett's esophagus,Surface Architecture,,x,,,,,,,,Lower,,,,,,Disrupted glandular pattern,Elevated Lesion,Depressed Lesions,Normal,,,,,,,,
Suspected Barrett's esophagus,Inflammation signs,,x,,,,,,,,Lower,,,,,,Erythema,Edema,Erosions,None,,,,,,,,
Suspected Barrett's esophagus,Prague Classification,,x,,,,,,,,Lower,Circumferential Extent,,,,,"Range(0,12)",>12,,,,,,,,,,
Suspected Barrett's esophagus,Prague Classification,,x,,,,,,,,Lower,Maximum Extent,,,,,"Range(0,12)",>12,,,,,,,,,,
Suspected Barrett's esophagus,Prague Classification,,x,,,,,,,,Lower,GE Junction,,,,,int_box cm from incisors,,,,,,,,,,,
Suspected Barrett's esophagus,Mucosal patterns,,x,,,,,,,,Lower,WL,,,,,Ridging,Nodularity,Pit pattern irregularity,,,,,,,,,
Suspected Barrett's esophagus,Mucosal patterns,,x,,,,,,,,Lower,NBI,,,,,Dysplastic,Non-dysplastic,,,,,,,,,,
Suspected Barrett's esophagus,Vascular patterns,,x,,,,,,,,Lower,WL,,,,,Dysplastic,Non-dysplastic,,,,,,,,,,
Suspected Barrett's esophagus,Vascular patterns,,x,,,,,,,,Lower,NBI,,,,,Dysplastic,Non-dysplastic,,,,,,,,,,
Suspected Esophageal Motility Disorder/Achalasia,Esophageal Dilatation,,x,,,,,,,,,,,,,,Yes,No,Mild,Moderate,Severe,,,,,,,
Suspected Esophageal Motility Disorder/Achalasia,Lumen Contents,,x,,,,,,,,,,,,x,,Clear,Frothy secretions,Retained fluid,Food particles (small amount),Food particles (large amount),,,,,,,
Suspected Esophageal Motility Disorder/Achalasia,Clearance After Suction/Lavage,,x,,,,,,,,,,,,,,Complete,Partial,Poor / Persistent residue,,,,,,,,,
Suspected Esophageal Motility Disorder/Achalasia,Esophageal Course,,x,,,,,,,,,,,,,,Straight,Mildly tortuous,Sigmoid / markedly tortuous,,,,,,,,,
Suspected Esophageal Motility Disorder/Achalasia,Air Insufflation Response,,x,,,,,,,,,,,,,,Normal expansion,Poor expansion,No antegrade emptying,,,,,,,,,
Suspected Esophageal Motility Disorder/Achalasia,Peristalsis,,x,,,,,,,,,,,,,,Absent,Normal,Weak / sluggish,,,,,,,,,
Suspected Esophageal Motility Disorder/Achalasia,Tertiary Contraction,,x,,,,,,,,,,,,,,None,Present - Mild,Present – prominent / corkscrew,,,,,,,,,
Suspected Esophageal Motility Disorder/Achalasia,Mucosa Appearance,,x,,,,,,,,,,,,,,Normal,Erythematous,Edematous,Friable,Pale,Atrophic,,,,,,
Suspected Esophageal Motility Disorder/Achalasia,Pseudomembranes or Adherent Debris,,x,,,,,,,,,,,,,,Absent,Present,,,,,,,,,,
Suspected Esophageal Motility Disorder/Achalasia,Contact Bleeding,,x,,,,,,,,,,,,,,Absent,Present,,,,,,,,,,
Suspected Esophageal Motility Disorder/Achalasia,Pop Sensation on Scope Passage,,x,,,,,,,,,,,,,,Absent,Present,,,,,,,,,,
Suspected Esophageal Motility Disorder/Achalasia,GEJ Appearance,,x,,,,,,,,,,,,,,Normal,Puckered,Bird-beak / pinhole,Smooth mucosa,Irregular / ulcerated / nodular,,,,,,,
Suspected Esophageal Motility Disorder/Achalasia,Stasis Esophagitis,,x,,,,,,,,,,,,,,Absent,Erythema,Friability,Linear erosions,,,,,,,,
Suspected Esophageal Motility Disorder/Achalasia,Candida,,x,,,,,,,,,,,,,,Yes,No,,,,,,,,,,
Suspected Esophageal Motility Disorder/Achalasia,GEJ passing Resistance,,x,,,,,,,,,,,,,,Yes,No,Mild,Moderate,Severe,,,,,,,
Suspected Esophageal Motility Disorder/Achalasia,LES Resistance,,x,,,,,,,,,,,,,,Yes,No,Mild,Moderate,Severe,,,,,,,
Tumor / Mass,Morphology,,x,x,x,x,,,,,,,,,x,,Polypoid,Sessile,Ulcerated,Fungating,Linitis-like,Exophytic,Circumferential,,,,,
Tumor / Mass,Surface Features,,x,x,x,x,,,,,,,,,x,,Ulceration,Nodularity,Necrotic debris,Friability,Contact bleeding,Spontaneous bleeding,Irregular surface,Visible vessel,Fibrotic,,,
Tumor / Mass,SIEWERT Classification,,,x,,,,,,,,,,,,,I,II,III,,,,,,,,,
Tumor / Mass,Size,,x,x,x,x,,,,,,,,,,,<1 cm,1–2 cm,2–5 cm,>5 cm,float_box cm,,,,,,,
Tumor / Mass,Size,,x,x,x,x,,,,,,Obstructing,,,,,Near-obstructing,Obstructing,,,,,,,,,,
Tumor / Mass,Margins,,x,x,x,x,,,,,,,,,x,,Well-defined,Ill-defined,Infiltrative spread,Raised edge,Rolled edge,Flat/indistinct,,,,,,
Tumor / Mass,Associated Findings,,x,x,x,x,,,,,,,,,x,,Stigmata of recent bleeding,Engorged vessels,Ulcers adjacent,Mass effect / deformity,Luminal narrowing,Retained food/fluid,,,,,,
Tumor / Mass,Intervention,,x,x,x,x,,,,,,Biopsy,,,,,Targeted biopsy,None,,,,,,,,,,
Tumor / Mass,Intervention,,x,x,x,x,,,,,,Post-biopsy,,Subsection(Biopsy=Targeted biopsy),,,No immediate bleeding,Minor oozing,Bleeding controlled,Perforation suspected,,,,,,,,
Tumor / Mass,Intervention,,x,x,x,x,,,,,,Tattooing,,,,,Yes,No,,,,,,,,,,
Xanthoma,Appearance,"Reference Image:
Xanthoma_630x539.png
Xanthoma associated with Gastric Cancer
Xanthoma_Gastric_Cancer_800x450.png",x,,x,,,,,,,,,,,,Yellow or yellow-white plaque,"Discrete, well-defined",Flat or slightly elevated,Smooth surface,,,,,,,,
Xanthoma,Number,,x,,x,,,,,,,,,,,,Single,Multiple,,,,,,,,,,
Xanthoma,Biopsy,,x,,x,,,,,,,,,,,,Not required (typical appearance),Biopsy taken (if atypical / diagnostic uncertainty),,,,,,,,,,